-- MySQL dump 10.16  Distrib 10.1.21-MariaDB, for Win32 (AMD64)
--
-- Host: localhost    Database: localhost
-- ------------------------------------------------------
-- Server version	10.1.21-MariaDB

/*!40101 SET @OLD_CHARACTER_SET_CLIENT=@@CHARACTER_SET_CLIENT */;
/*!40101 SET @OLD_CHARACTER_SET_RESULTS=@@CHARACTER_SET_RESULTS */;
/*!40101 SET @OLD_COLLATION_CONNECTION=@@COLLATION_CONNECTION */;
/*!40101 SET NAMES utf8 */;
/*!40103 SET @OLD_TIME_ZONE=@@TIME_ZONE */;
/*!40103 SET TIME_ZONE='+00:00' */;
/*!40014 SET @OLD_UNIQUE_CHECKS=@@UNIQUE_CHECKS, UNIQUE_CHECKS=0 */;
/*!40014 SET @OLD_FOREIGN_KEY_CHECKS=@@FOREIGN_KEY_CHECKS, FOREIGN_KEY_CHECKS=0 */;
/*!40101 SET @OLD_SQL_MODE=@@SQL_MODE, SQL_MODE='NO_AUTO_VALUE_ON_ZERO' */;
/*!40111 SET @OLD_SQL_NOTES=@@SQL_NOTES, SQL_NOTES=0 */;

--
-- Table structure for table `account`
--

DROP TABLE IF EXISTS `account`;
/*!40101 SET @saved_cs_client     = @@character_set_client */;
/*!40101 SET character_set_client = utf8 */;
CREATE TABLE `account` (
  `id` int(11) DEFAULT NULL,
  `first_name` varchar(50) DEFAULT NULL,
  `last_name` varchar(50) DEFAULT NULL,
  `email` varchar(50) DEFAULT NULL,
  `gender` varchar(50) DEFAULT NULL,
  `amount` varchar(50) DEFAULT NULL,
  `contact` varchar(50) DEFAULT NULL
) ENGINE=InnoDB DEFAULT CHARSET=latin1;
/*!40101 SET character_set_client = @saved_cs_client */;

--
-- Dumping data for table `account`
--

LOCK TABLES `account` WRITE;
/*!40000 ALTER TABLE `account` DISABLE KEYS */;
INSERT INTO `account` VALUES (1,'Cinda','Adamsen','cadamsen0@answers.com','Female','$9.16','446-626-8005'),(2,'Barnie','Ullrich','bullrich1@ameblo.jp','Male','$9.51','233-215-2060'),(3,'Vinnie','Jime','vjime2@taobao.com','Female','$5.99','276-382-2149'),(4,'Moses','Denington','mdenington3@wikispaces.com','Male','$2.17','909-219-6033'),(5,'Nikkie','Pettiford','npettiford4@cloudflare.com','Female','$2.23','214-511-0426'),(6,'Feodor','Coulsen','fcoulsen5@cisco.com','Male','$2.17','433-299-2384'),(7,'Carly','Kenn','ckenn6@skype.com','Male','$1.41','421-305-9155'),(8,'Durward','Emmatt','demmatt7@nhs.uk','Male','$0.55','889-954-1779'),(9,'Stace','Errichelli','serrichelli8@newsvine.com','Female','$6.30','862-157-4766'),(10,'Kenon','Dovidaitis','kdovidaitis9@yelp.com','Male','$2.00','597-982-3197'),(11,'Abbey','Billo','abilloa@bravesites.com','Male','$3.22','999-157-3600'),(12,'Giffie','Shippam','gshippamb@phoca.cz','Male','$7.93','885-679-3495'),(13,'Lamont','Pietruszka','lpietruszkac@exblog.jp','Male','$7.27','624-644-0208'),(14,'Ranna','Fludgate','rfludgated@163.com','Female','$1.35','118-185-0887'),(15,'Brunhilda','Ridler','bridlere@spotify.com','Female','$4.18','678-274-4172'),(16,'Bernelle','Brummell','bbrummellf@google.pl','Female','$3.80','290-596-5055'),(17,'Rosalinda','Limrick','rlimrickg@guardian.co.uk','Female','$9.53','111-638-2557'),(18,'Quintina','Pude','qpudeh@cafepress.com','Female','$2.02','816-786-5682'),(19,'Englebert','Varfolomeev','evarfolomeevi@about.com','Male','$5.86','146-209-0909'),(20,'Misti','Verdy','mverdyj@de.vu','Female','$7.43','788-636-7691'),(21,'Shirleen','Burnip','sburnipk@weather.com','Female','$1.52','846-216-3504'),(22,'Joseito','Dilger','jdilgerl@jimdo.com','Male','$1.52','936-272-9822'),(23,'Lyndy','Castille','lcastillem@naver.com','Female','$5.75','861-235-2821'),(24,'Letizia','Coghlin','lcoghlinn@tinypic.com','Female','$7.43','975-172-9371'),(25,'Chrissie','Mayall','cmayallo@so-net.ne.jp','Female','$5.47','555-310-4972'),(26,'Dyana','Sibbs','dsibbsp@kickstarter.com','Female','$2.15','755-942-0062'),(27,'Tanny','Carwardine','tcarwardineq@ftc.gov','Male','$1.96','415-266-5882'),(28,'Meridel','Batchan','mbatchanr@whitehouse.gov','Female','$7.62','473-560-0804'),(29,'Fletcher','Chipps','fchippss@typepad.com','Male','$1.28','179-472-4169'),(30,'Rozele','Ginley','rginleyt@bravesites.com','Female','$0.03','594-478-7126'),(31,'Birgitta','Dealy','bdealyu@lulu.com','Female','$3.92','585-991-7545'),(32,'Lucine','Jarred','ljarredv@harvard.edu','Female','$2.02','162-600-6373'),(33,'Raddie','Gilder','rgilderw@sitemeter.com','Male','$7.24','236-403-7133'),(34,'Farly','Kick','fkickx@census.gov','Male','$4.03','907-792-9693'),(35,'Eugenio','Batter','ebattery@spiegel.de','Male','$9.93','878-404-1717'),(36,'Terence','Legrice','tlegricez@cam.ac.uk','Male','$3.33','258-847-1211'),(37,'Carny','Mollene','cmollene10@cnn.com','Male','$1.34','275-475-8933'),(38,'Antone','Armal','aarmal11@gnu.org','Male','$8.36','537-307-0296'),(39,'King','Dabnot','kdabnot12@ebay.co.uk','Male','$8.07','206-550-3802'),(40,'Isak','Rove','irove13@berkeley.edu','Male','$7.33','125-400-1352'),(41,'Regine','Sighart','rsighart14@cnbc.com','Female','$6.15','936-924-0105'),(42,'Lucienne','Dodson','ldodson15@vimeo.com','Female','$9.51','766-906-5839'),(43,'Ancell','Nanetti','ananetti16@army.mil','Male','$7.06','554-894-1260'),(44,'Ingaberg','Harmes','iharmes17@tinypic.com','Female','$6.14','808-772-8141'),(45,'Jennilee','Greaterex','jgreaterex18@pagesperso-orange.fr','Female','$2.72','900-599-2219'),(46,'Kipp','Proudlock','kproudlock19@huffingtonpost.com','Male','$3.91','649-262-0533'),(47,'Abby','Spurrett','aspurrett1a@ow.ly','Female','$6.12','384-306-4895'),(48,'Thorstein','Sproson','tsproson1b@lulu.com','Male','$8.34','593-282-5308'),(49,'Stormy','Bilovus','sbilovus1c@hibu.com','Female','$4.90','311-342-5576'),(50,'Olly','Grigoroni','ogrigoroni1d@smugmug.com','Male','$7.89','772-757-6854'),(51,'Norene','Hatfield','nhatfield1e@hc360.com','Female','$5.87','339-192-4085'),(52,'Yanaton','De Cruze','ydecruze1f@freewebs.com','Male','$6.85','737-840-7174'),(53,'Tim','Hames','thames1g@army.mil','Female','$6.49','687-858-7288'),(54,'Kellyann','Bunning','kbunning1h@slideshare.net','Female','$8.75','267-730-1425'),(55,'Norma','Winton','nwinton1i@de.vu','Female','$8.55','170-265-9664'),(56,'Thaddeus','McMenamie','tmcmenamie1j@opensource.org','Male','$3.60','163-933-7257'),(57,'John','Shapiro','jshapiro1k@howstuffworks.com','Male','$1.97','213-275-9692'),(58,'Gabie','Lowman','glowman1l@shinystat.com','Male','$4.13','114-112-5888'),(59,'Felecia','Edworthy','fedworthy1m@lulu.com','Female','$5.84','985-578-1854'),(60,'Bo','Limprecht','blimprecht1n@yahoo.co.jp','Male','$9.38','858-605-4089'),(61,'Jessee','Suddock','jsuddock1o@chicagotribune.com','Male','$6.28','712-911-4268'),(62,'Hazlett','Gasquoine','hgasquoine1p@jiathis.com','Male','$1.11','588-170-0790'),(63,'Nilson','Brewse','nbrewse1q@nature.com','Male','$9.05','998-566-3952'),(64,'Ilario','De la croix','idelacroix1r@reuters.com','Male','$4.00','360-158-8377'),(65,'Bridget','Leethem','bleethem1s@dot.gov','Female','$9.20','898-552-9393'),(66,'Cate','Willacot','cwillacot1t@dailymotion.com','Female','$8.62','932-611-1245'),(67,'Alfred','Matyashev','amatyashev1u@vkontakte.ru','Male','$6.42','242-102-9297'),(68,'Bernhard','Fussell','bfussell1v@wordpress.org','Male','$7.82','546-781-4022'),(69,'Clayton','Joselson','cjoselson1w@eepurl.com','Male','$9.33','857-146-8268'),(70,'Margaretta','Getcliff','mgetcliff1x@ycombinator.com','Female','$6.39','256-847-1883'),(71,'Garrik','Ell','gell1y@dropbox.com','Male','$5.78','115-751-6172'),(72,'Karalynn','Laidlow','klaidlow1z@sbwire.com','Female','$9.35','422-919-3627'),(73,'Phoebe','McMurtyr','pmcmurtyr20@admin.ch','Female','$5.04','556-514-3467'),(74,'Merridie','McMylor','mmcmylor21@freewebs.com','Female','$0.42','443-206-3653'),(75,'Nikki','Owenson','nowenson22@ycombinator.com','Male','$8.10','998-132-3335'),(76,'Pebrook','Webberley','pwebberley23@arizona.edu','Male','$2.31','156-907-1526'),(77,'Codie','Libbie','clibbie24@usa.gov','Male','$2.36','729-968-3187'),(78,'Riordan','Kleiner','rkleiner25@constantcontact.com','Male','$7.75','154-100-5387'),(79,'Igor','Kibbel','ikibbel26@reverbnation.com','Male','$7.54','212-569-2545'),(80,'Aguste','Siddle','asiddle27@creativecommons.org','Male','$3.29','804-514-8312'),(81,'Taryn','Ladon','tladon28@twitter.com','Female','$8.62','316-626-0807'),(82,'Melvyn','Marde','mmarde29@fc2.com','Male','$1.99','668-675-8320'),(83,'Xavier','Gullyes','xgullyes2a@homestead.com','Male','$3.52','646-945-5189'),(84,'Olenolin','Corbridge','ocorbridge2b@europa.eu','Male','$9.73','778-902-7121'),(85,'Livvyy','Dive','ldive2c@kickstarter.com','Female','$7.14','731-484-8599'),(86,'Lorelle','Bendik','lbendik2d@howstuffworks.com','Female','$2.33','307-494-2036'),(87,'Arne','Skilbeck','askilbeck2e@fda.gov','Male','$9.34','779-542-2800'),(88,'Brynn','Maraga','bmaraga2f@squarespace.com','Female','$4.93','406-466-4250'),(89,'Sapphire','Roizin','sroizin2g@google.de','Female','$9.78','715-328-8445'),(90,'Otes','Silmon','osilmon2h@blogtalkradio.com','Male','$8.91','526-666-7182'),(91,'Vite','Calveley','vcalveley2i@reverbnation.com','Male','$0.21','347-103-7304'),(92,'Wilfrid','Kerans','wkerans2j@ocn.ne.jp','Male','$2.98','762-408-9325'),(93,'Lynde','Chappelle','lchappelle2k@walmart.com','Female','$1.39','221-232-3911'),(94,'Cull','Rivalant','crivalant2l@angelfire.com','Male','$2.42','191-247-8364'),(95,'Ethelind','Laurentin','elaurentin2m@livejournal.com','Female','$5.00','210-387-0544'),(96,'Cacilie','Giorgetti','cgiorgetti2n@chron.com','Female','$8.27','978-297-5062'),(97,'Eartha','Ungaretti','eungaretti2o@dyndns.org','Female','$4.63','350-973-8851'),(98,'Annelise','Mallen','amallen2p@symantec.com','Female','$0.93','292-615-1896'),(99,'Rea','Wickrath','rwickrath2q@adobe.com','Female','$1.14','587-143-8869'),(100,'Eddi','Grangier','egrangier2r@psu.edu','Female','$0.21','174-302-1050'),(101,'Ardelle','Cess','acess2s@is.gd','Female','$6.85','844-804-1144'),(102,'Ralf','Phittiplace','rphittiplace2t@e-recht24.de','Male','$4.53','342-220-6207'),(103,'Wileen','Ludgrove','wludgrove2u@mayoclinic.com','Female','$2.44','227-888-0514'),(104,'Richmound','Hakonsen','rhakonsen2v@example.com','Male','$2.28','958-293-4663'),(105,'Nichole','Mordecai','nmordecai2w@amazon.com','Female','$8.44','387-725-8629'),(106,'Biddy','Troman','btroman2x@rakuten.co.jp','Female','$2.13','735-714-6669'),(107,'Yasmeen','Kelby','ykelby2y@cdc.gov','Female','$8.69','737-200-9170'),(108,'Johan','Molan','jmolan2z@netscape.com','Male','$9.88','510-884-2333'),(109,'Elbertina','Kynnd','ekynnd30@nifty.com','Female','$0.47','411-385-5733'),(110,'Karon','Beardsell','kbeardsell31@topsy.com','Female','$8.57','646-838-4838'),(111,'Archibald','McCarver','amccarver32@feedburner.com','Male','$0.93','484-442-1285'),(112,'Moe','Lightwing','mlightwing33@instagram.com','Male','$5.41','931-226-8447'),(113,'Amy','Paulucci','apaulucci34@patch.com','Female','$9.19','228-472-2866'),(114,'Sherri','Attkins','sattkins35@archive.org','Female','$8.20','360-937-3672'),(115,'Elianora','Lakin','elakin36@usa.gov','Female','$3.02','719-146-8856'),(116,'Caesar','Beharrell','cbeharrell37@berkeley.edu','Male','$0.72','846-679-1714'),(117,'Halsey','Runacres','hrunacres38@51.la','Male','$2.31','125-534-4555'),(118,'Sherie','Saltmarshe','ssaltmarshe39@360.cn','Female','$6.09','372-749-6017'),(119,'Jeannie','Gaven','jgaven3a@illinois.edu','Female','$8.48','776-975-1297'),(120,'Chalmers','Passmore','cpassmore3b@freewebs.com','Male','$6.55','451-116-2353'),(121,'Matilde','Ormston','mormston3c@multiply.com','Female','$6.89','679-494-5083'),(122,'Nydia','Allnutt','nallnutt3d@gnu.org','Female','$0.67','513-730-0767'),(123,'Con','Acory','cacory3e@hc360.com','Male','$5.90','740-896-2237'),(124,'Salim','Towns','stowns3f@simplemachines.org','Male','$7.71','276-987-1596'),(125,'Lolly','Santos','lsantos3g@weebly.com','Female','$2.15','799-563-3347'),(126,'Henryetta','Turban','hturban3h@sakura.ne.jp','Female','$2.02','643-359-0683'),(127,'Irene','Basler','ibasler3i@symantec.com','Female','$8.46','515-866-9972'),(128,'Hannie','Pegden','hpegden3j@simplemachines.org','Female','$3.57','942-623-8899'),(129,'Massimiliano','Hugin','mhugin3k@webeden.co.uk','Male','$0.70','621-129-0899'),(130,'Allys','Cayley','acayley3l@yellowpages.com','Female','$4.02','250-874-1660'),(131,'Junina','Nutt','jnutt3m@discuz.net','Female','$4.54','532-169-8139'),(132,'Cindi','Lamball','clamball3n@google.it','Female','$9.25','885-731-7108'),(133,'Alberto','Segar','asegar3o@cpanel.net','Male','$7.79','433-209-9581'),(134,'Karissa','Cecere','kcecere3p@sina.com.cn','Female','$9.31','766-903-6914'),(135,'Elane','Vaney','evaney3q@comsenz.com','Female','$5.52','104-186-5949'),(136,'Jake','Dillow','jdillow3r@tinyurl.com','Male','$3.20','593-769-3018'),(137,'Guss','Rouse','grouse3s@deliciousdays.com','Male','$0.31','481-937-4108'),(138,'Dav','Bayldon','dbayldon3t@weather.com','Male','$8.34','534-452-7154'),(139,'Norine','Stephens','nstephens3u@cnbc.com','Female','$7.70','313-753-2291'),(140,'Marcello','Littledike','mlittledike3v@cbc.ca','Male','$8.57','727-447-8330'),(141,'Jori','Pendrigh','jpendrigh3w@t-online.de','Female','$5.13','627-815-4803'),(142,'Susi','Osband','sosband3x@youtube.com','Female','$7.87','728-548-1945'),(143,'Joannes','Lent','jlent3y@cnbc.com','Female','$4.83','655-187-8747'),(144,'Jessamine','Steers','jsteers3z@weebly.com','Female','$3.22','851-913-6308'),(145,'Barty','Cannon','bcannon40@sitemeter.com','Male','$9.32','638-732-6827'),(146,'Shermie','Sturzaker','ssturzaker41@technorati.com','Male','$6.36','617-542-0727'),(147,'Bartlett','O\' Dooley','bodooley42@telegraph.co.uk','Male','$8.00','523-234-5475'),(148,'Junette','Gillford','jgillford43@princeton.edu','Female','$0.50','801-295-9485'),(149,'Rene','L\'Homme','rlhomme44@howstuffworks.com','Male','$7.49','114-251-9643'),(150,'Blythe','Maling','bmaling45@salon.com','Female','$4.57','360-692-5984'),(151,'Averill','Thurlow','athurlow46@kickstarter.com','Male','$0.32','682-951-6974'),(152,'Lilllie','Rime','lrime47@mac.com','Female','$0.89','566-456-6638'),(153,'Barri','Matchitt','bmatchitt48@friendfeed.com','Male','$1.76','453-350-3915'),(154,'Nelle','Sumnall','nsumnall49@apple.com','Female','$8.58','353-491-0252'),(155,'Nelia','Waywell','nwaywell4a@foxnews.com','Female','$7.99','668-913-5726'),(156,'Marcille','O\'Hannigan','mohannigan4b@hc360.com','Female','$4.65','286-786-6329'),(157,'David','Moralee','dmoralee4c@webeden.co.uk','Male','$0.73','807-148-2346'),(158,'Gaylord','Jobbings','gjobbings4d@nsw.gov.au','Male','$1.15','942-440-9317'),(159,'Kylie','FitzGilbert','kfitzgilbert4e@webmd.com','Male','$6.38','102-770-9428'),(160,'Yetty','Praundlin','ypraundlin4f@youtube.com','Female','$4.29','200-224-7500'),(161,'Sayre','Maliphant','smaliphant4g@arstechnica.com','Female','$7.90','235-836-4980'),(162,'Bev','Gurry','bgurry4h@booking.com','Male','$5.40','525-711-3224'),(163,'Imogene','Belhome','ibelhome4i@pagesperso-orange.fr','Female','$4.19','313-308-0080'),(164,'Jack','Moncreif','jmoncreif4j@prweb.com','Male','$8.75','640-285-2526'),(165,'Deonne','McTurley','dmcturley4k@drupal.org','Female','$8.18','360-376-8699'),(166,'Porty','Moggan','pmoggan4l@dropbox.com','Male','$6.62','745-675-7960'),(167,'Sydney','Tossell','stossell4m@hc360.com','Male','$6.53','433-270-4981'),(168,'Garold','Myner','gmyner4n@bloglovin.com','Male','$0.08','923-943-5057'),(169,'Jayme','Humbie','jhumbie4o@1und1.de','Female','$0.70','844-520-7172'),(170,'Meridith','Stockbridge','mstockbridge4p@issuu.com','Female','$7.71','207-974-1244'),(171,'Joana','De Witt','jdewitt4q@etsy.com','Female','$5.79','581-645-3835'),(172,'Rogerio','Matijasevic','rmatijasevic4r@comsenz.com','Male','$8.85','661-796-1695'),(173,'Mariana','Gostling','mgostling4s@ocn.ne.jp','Female','$7.46','657-998-8155'),(174,'Trumaine','Paulitschke','tpaulitschke4t@bloglines.com','Male','$8.77','955-201-3585'),(175,'Angil','Gladdifh','agladdifh4u@posterous.com','Female','$6.26','259-558-4785'),(176,'Alasdair','Walkowski','awalkowski4v@networksolutions.com','Male','$1.07','560-208-6584'),(177,'Angeli','Jaukovic','ajaukovic4w@nydailynews.com','Male','$6.26','559-357-1434'),(178,'Tawnya','Stemp','tstemp4x@weebly.com','Female','$6.83','992-560-5448'),(179,'Fletch','Arias','farias4y@ihg.com','Male','$0.73','629-281-9648'),(180,'Hilarius','Gallant','hgallant4z@virginia.edu','Male','$7.88','289-994-2215'),(181,'Edgar','Rable','erable50@go.com','Male','$0.83','414-297-0014'),(182,'Shaine','Parramore','sparramore51@theatlantic.com','Female','$4.76','906-842-0557'),(183,'Beverley','Carlson','bcarlson52@redcross.org','Female','$7.12','671-459-6405'),(184,'Libbey','Moule','lmoule53@bloomberg.com','Female','$2.27','950-696-7613'),(185,'Krisha','Odo','kodo54@engadget.com','Male','$3.12','562-310-2564'),(186,'Walsh','Alty','walty55@issuu.com','Male','$2.13','884-277-5803'),(187,'Nanci','Gibbett','ngibbett56@smugmug.com','Female','$0.27','798-295-4070'),(188,'Garrott','Coburn','gcoburn57@unc.edu','Male','$0.07','554-677-6766'),(189,'Hyacinthe','Butson','hbutson58@istockphoto.com','Female','$4.52','481-291-2809'),(190,'Frederic','Berfoot','fberfoot59@over-blog.com','Male','$4.26','692-352-4730'),(191,'Helsa','Sanbrooke','hsanbrooke5a@virginia.edu','Female','$8.25','173-844-9331'),(192,'Fanchette','Kinnar','fkinnar5b@businessinsider.com','Female','$4.58','266-413-7921'),(193,'Vanya','Gyles','vgyles5c@japanpost.jp','Female','$9.99','393-482-8586'),(194,'Rodolphe','Abrahamian','rabrahamian5d@deviantart.com','Male','$5.66','999-542-3897'),(195,'Shae','Giffon','sgiffon5e@netscape.com','Male','$5.37','304-409-0268'),(196,'Lanae','Goseling','lgoseling5f@wufoo.com','Female','$3.56','392-916-7756'),(197,'Jolyn','Harrington','jharrington5g@webeden.co.uk','Female','$0.19','114-172-1958'),(198,'Lurlene','Gerring','lgerring5h@addthis.com','Female','$9.24','629-745-9677'),(199,'Orazio','Dyzart','odyzart5i@gnu.org','Male','$2.30','575-196-6319'),(200,'Jsandye','Rozea','jrozea5j@hao123.com','Female','$8.25','624-318-8257'),(201,'Gabby','Anton','ganton5k@digg.com','Male','$6.81','379-965-9989'),(202,'Kerrin','Vlasenko','kvlasenko5l@comcast.net','Female','$2.58','224-377-4768'),(203,'Tresa','Luton','tluton5m@independent.co.uk','Female','$9.34','755-626-1918'),(204,'Korella','Kinnaird','kkinnaird5n@slideshare.net','Female','$9.89','693-668-2131'),(205,'Annora','Ashbrook','aashbrook5o@shop-pro.jp','Female','$7.47','160-656-7107'),(206,'Melba','Busch','mbusch5p@dailymail.co.uk','Female','$8.90','819-553-2189'),(207,'Garrik','Fandrich','gfandrich5q@cbc.ca','Male','$8.14','156-795-4383'),(208,'Ax','Candlin','acandlin5r@imageshack.us','Male','$4.31','665-115-2562'),(209,'Nettie','Pollett','npollett5s@mlb.com','Female','$1.96','804-335-0579'),(210,'Angeline','Bampkin','abampkin5t@surveymonkey.com','Female','$9.33','247-418-5286'),(211,'Jacques','Sparshutt','jsparshutt5u@cornell.edu','Male','$7.34','763-298-5353'),(212,'Saul','Kitchingman','skitchingman5v@desdev.cn','Male','$0.58','176-683-6487'),(213,'Noel','Guerri','nguerri5w@prweb.com','Female','$2.66','426-585-7185'),(214,'Boonie','Jarmaine','bjarmaine5x@nature.com','Male','$6.38','504-298-6870'),(215,'Marshall','Hamlin','mhamlin5y@last.fm','Male','$2.54','706-279-2942'),(216,'Sanford','Souness','ssouness5z@time.com','Male','$7.77','405-759-2119'),(217,'Deborah','Wooder','dwooder60@exblog.jp','Female','$3.75','299-827-3821'),(218,'Markus','Etheridge','metheridge61@icq.com','Male','$4.24','954-256-8605'),(219,'Zackariah','Battlestone','zbattlestone62@biblegateway.com','Male','$8.52','448-482-8998'),(220,'Aldrich','Dunstan','adunstan63@senate.gov','Male','$3.13','941-309-6064'),(221,'Bogey','Cootes','bcootes64@seesaa.net','Male','$9.26','207-942-3029'),(222,'Delmar','Lunnon','dlunnon65@constantcontact.com','Male','$1.50','776-832-1112'),(223,'Ferrell','Silvers','fsilvers66@prlog.org','Male','$1.38','676-685-9671'),(224,'Cornell','Chue','cchue67@merriam-webster.com','Male','$5.52','660-929-9864'),(225,'Worthington','Uccelli','wuccelli68@tamu.edu','Male','$9.43','359-323-1429'),(226,'Marius','Howman','mhowman69@state.tx.us','Male','$2.58','516-746-7118'),(227,'Ailene','Sheeres','asheeres6a@shinystat.com','Female','$5.52','316-842-5310'),(228,'Lynnet','Vereker','lvereker6b@statcounter.com','Female','$2.79','242-873-3613'),(229,'Nonnah','Greenroad','ngreenroad6c@nps.gov','Female','$2.53','339-185-1451'),(230,'Poppy','Antuoni','pantuoni6d@list-manage.com','Female','$8.99','400-331-0976'),(231,'Jessica','Dermott','jdermott6e@xing.com','Female','$4.73','951-894-4327'),(232,'Carlie','Arnet','carnet6f@squarespace.com','Male','$2.25','333-616-9121'),(233,'Ray','Peltz','rpeltz6g@de.vu','Female','$3.99','419-399-7721'),(234,'Nehemiah','Riach','nriach6h@geocities.jp','Male','$1.08','285-453-7587'),(235,'Kalle','Glassford','kglassford6i@twitter.com','Male','$3.36','476-541-2206'),(236,'Markos','Yurevich','myurevich6j@wunderground.com','Male','$0.61','285-397-6919'),(237,'Arel','Cozens','acozens6k@exblog.jp','Male','$4.05','579-908-2323'),(238,'Gearard','Paulot','gpaulot6l@odnoklassniki.ru','Male','$2.05','945-613-3627'),(239,'Sterling','Stegel','sstegel6m@ucla.edu','Male','$5.10','530-446-2499'),(240,'Ezri','Adolfson','eadolfson6n@netvibes.com','Male','$9.07','508-456-4638'),(241,'Rolland','Waldie','rwaldie6o@fda.gov','Male','$2.94','992-962-4564'),(242,'Niccolo','Seleway','nseleway6p@java.com','Male','$6.74','915-955-8405'),(243,'Terrell','Brailsford','tbrailsford6q@gmpg.org','Male','$0.64','310-408-3179'),(244,'Stavro','Della Scala','sdellascala6r@bigcartel.com','Male','$1.50','355-359-7580'),(245,'Renado','Landrean','rlandrean6s@who.int','Male','$7.19','464-773-0970'),(246,'Brenden','Rudeforth','brudeforth6t@discovery.com','Male','$9.73','615-352-7419'),(247,'Rip','Sallows','rsallows6u@youtu.be','Male','$8.67','833-641-5709'),(248,'Alfred','Ellcome','aellcome6v@timesonline.co.uk','Male','$4.54','258-476-2877'),(249,'Granger','Draco','gdraco6w@java.com','Male','$0.78','213-321-3401'),(250,'Judd','McAree','jmcaree6x@digg.com','Male','$4.67','425-614-6037'),(251,'Harry','Surgener','hsurgener6y@whitehouse.gov','Male','$1.36','845-977-1745'),(252,'Brigit','Flower','bflower6z@people.com.cn','Female','$6.66','438-431-5691'),(253,'Dane','Climpson','dclimpson70@bandcamp.com','Male','$2.58','142-667-3936'),(254,'Darcy','Medeway','dmedeway71@foxnews.com','Female','$1.14','456-996-6882'),(255,'Bonni','Ianilli','bianilli72@soundcloud.com','Female','$6.48','198-913-0621'),(256,'Olivier','Havis','ohavis73@tiny.cc','Male','$9.61','881-963-3360'),(257,'Pauly','Levi','plevi74@howstuffworks.com','Female','$2.92','783-878-9221'),(258,'Belia','Corkett','bcorkett75@de.vu','Female','$3.43','851-794-6128'),(259,'Gene','Wetherick','gwetherick76@baidu.com','Female','$2.06','744-311-4872'),(260,'Wyndham','Petticrow','wpetticrow77@dot.gov','Male','$6.95','557-114-0136'),(261,'Rowena','Lauridsen','rlauridsen78@pcworld.com','Female','$1.59','707-180-2536'),(262,'Michaela','Todhunter','mtodhunter79@quantcast.com','Female','$0.04','862-447-9375'),(263,'Blondy','Beecroft','bbeecroft7a@mayoclinic.com','Female','$2.67','670-312-0131'),(264,'Hana','Traise','htraise7b@oracle.com','Female','$9.33','536-497-4057'),(265,'Gabbie','Alcott','galcott7c@un.org','Male','$8.52','692-577-2319'),(266,'Obed','Dymick','odymick7d@chronoengine.com','Male','$0.55','704-965-9387'),(267,'Darnall','Harrowsmith','dharrowsmith7e@google.ca','Male','$4.73','676-972-3602'),(268,'Roanne','Gaunt','rgaunt7f@ezinearticles.com','Female','$9.48','901-608-4944'),(269,'Regen','Treat','rtreat7g@jiathis.com','Male','$3.56','620-320-1042'),(270,'Silvester','Crunkhorn','scrunkhorn7h@themeforest.net','Male','$6.28','266-926-2309'),(271,'Ag','Baake','abaake7i@thetimes.co.uk','Female','$9.45','885-713-6259'),(272,'Starla','Conklin','sconklin7j@microsoft.com','Female','$1.12','493-359-6031'),(273,'Shurlocke','Kirsche','skirsche7k@fc2.com','Male','$5.88','105-436-2414'),(274,'Silvain','Lovick','slovick7l@merriam-webster.com','Male','$1.12','396-516-8215'),(275,'Pia','Louys','plouys7m@com.com','Female','$7.73','781-909-5688'),(276,'Duky','Landor','dlandor7n@cbc.ca','Male','$7.09','226-692-7861'),(277,'Bentlee','Duckels','bduckels7o@state.tx.us','Male','$4.64','478-457-3196'),(278,'Stephenie','Pagelsen','spagelsen7p@eventbrite.com','Female','$9.31','888-761-9972'),(279,'Bambie','Jonsson','bjonsson7q@pcworld.com','Female','$3.21','222-770-5727'),(280,'Ansel','Size','asize7r@cbslocal.com','Male','$1.69','562-268-3701'),(281,'Hervey','Stirling','hstirling7s@gov.uk','Male','$3.69','636-479-2691'),(282,'Hannis','Martine','hmartine7t@cam.ac.uk','Female','$7.83','552-973-9943'),(283,'Neill','Bosanko','nbosanko7u@cnn.com','Male','$0.12','870-163-3653'),(284,'Woodman','Rowthorne','wrowthorne7v@engadget.com','Male','$7.21','418-155-9459'),(285,'Yehudi','Bazely','ybazely7w@weather.com','Male','$9.41','719-881-4766'),(286,'Cheslie','Outhwaite','couthwaite7x@over-blog.com','Female','$2.18','965-325-4088'),(287,'Pooh','Macknish','pmacknish7y@blog.com','Male','$2.30','825-742-0854'),(288,'Tamma','Blade','tblade7z@theguardian.com','Female','$4.75','111-279-3755'),(289,'Louella','Topp','ltopp80@pagesperso-orange.fr','Female','$2.61','122-224-1432'),(290,'Emeline','Micheu','emicheu81@economist.com','Female','$8.65','273-139-4285'),(291,'Blinny','Winwood','bwinwood82@cafepress.com','Female','$2.14','151-446-9653'),(292,'Aime','Jagels','ajagels83@symantec.com','Female','$2.75','222-903-6681'),(293,'Sinclare','Roose','sroose84@t-online.de','Male','$4.17','419-875-6332'),(294,'Daloris','Abbado','dabbado85@vk.com','Female','$5.02','333-128-7421'),(295,'Darb','O\'Shevlin','doshevlin86@cisco.com','Female','$0.10','822-439-9176'),(296,'Paul','Maynell','pmaynell87@mediafire.com','Male','$8.59','742-713-6215'),(297,'Freeman','Morriarty','fmorriarty88@tinypic.com','Male','$7.65','571-972-7388'),(298,'Lindon','Edie','ledie89@wunderground.com','Male','$1.31','140-928-2501'),(299,'Salomo','Baitman','sbaitman8a@blog.com','Male','$4.52','156-233-9754'),(300,'Olivie','Corner','ocorner8b@icq.com','Female','$0.29','297-702-2637'),(301,'Randie','Holdin','rholdin8c@angelfire.com','Female','$5.94','805-123-5960'),(302,'Deborah','Padkin','dpadkin8d@msu.edu','Female','$2.10','317-106-7435'),(303,'Marion','Gratton','mgratton8e@spiegel.de','Female','$4.23','280-853-9294'),(304,'Shannan','Dykas','sdykas8f@nps.gov','Male','$4.77','219-688-7640'),(305,'Ichabod','Wing','iwing8g@unblog.fr','Male','$0.82','457-260-3510'),(306,'Taddeo','Wreford','twreford8h@wikipedia.org','Male','$4.92','287-528-1738'),(307,'Abdel','Dobel','adobel8i@sphinn.com','Male','$3.06','864-599-3734'),(308,'Mindy','Hastilow','mhastilow8j@mediafire.com','Female','$0.88','337-889-7104'),(309,'Orrin','Jansa','ojansa8k@bbc.co.uk','Male','$2.34','149-249-4666'),(310,'Stevie','Evans','sevans8l@disqus.com','Male','$0.55','904-126-7183'),(311,'Glenden','Abramovitch','gabramovitch8m@feedburner.com','Male','$2.90','684-218-1350'),(312,'Sherlock','Bubeer','sbubeer8n@hubpages.com','Male','$0.30','101-149-3121'),(313,'Claudio','Rosone','crosone8o@simplemachines.org','Male','$7.70','291-898-3295'),(314,'Gino','Bendare','gbendare8p@bravesites.com','Male','$5.50','732-379-3600'),(315,'Beauregard','Mincini','bmincini8q@google.es','Male','$1.38','358-596-2589'),(316,'Katlin','Immings','kimmings8r@studiopress.com','Female','$9.97','345-320-1510'),(317,'Glennis','Beranek','gberanek8s@ifeng.com','Female','$4.23','466-614-4442'),(318,'Ulrica','Goosey','ugoosey8t@github.io','Female','$4.10','622-905-3978'),(319,'Reed','Tschirasche','rtschirasche8u@aol.com','Male','$3.82','944-507-2975'),(320,'Andromache','Kipping','akipping8v@e-recht24.de','Female','$2.37','807-514-3358'),(321,'Sileas','Orwin','sorwin8w@intel.com','Female','$2.02','182-972-2507'),(322,'Stanley','Neame','sneame8x@webmd.com','Male','$5.92','987-557-2866'),(323,'Cosette','Delooze','cdelooze8y@imdb.com','Female','$7.27','973-735-5943'),(324,'Fremont','Simonassi','fsimonassi8z@boston.com','Male','$7.71','707-468-9302'),(325,'Sullivan','Barrand','sbarrand90@a8.net','Male','$0.88','231-364-4483'),(326,'Berrie','Sawley','bsawley91@wikimedia.org','Female','$6.87','490-691-4575'),(327,'Winfred','Shine','wshine92@ask.com','Male','$3.00','886-153-4164'),(328,'Ethelin','Ovey','eovey93@unesco.org','Female','$4.42','633-575-8478'),(329,'Sonny','Esche','sesche94@forbes.com','Female','$3.04','212-386-2614'),(330,'Lorna','Tuft','ltuft95@topsy.com','Female','$5.34','152-230-4574'),(331,'Ashely','Cathenod','acathenod96@latimes.com','Female','$3.50','471-393-1699'),(332,'Ethelyn','Wolters','ewolters97@taobao.com','Female','$1.59','549-690-4800'),(333,'Zebedee','Tuddenham','ztuddenham98@loc.gov','Male','$9.66','718-508-8617'),(334,'Aymer','Eccott','aeccott99@va.gov','Male','$7.23','499-228-2843'),(335,'Filmer','Moller','fmoller9a@smugmug.com','Male','$4.13','582-458-3111'),(336,'Kirsteni','Tunstall','ktunstall9b@instagram.com','Female','$3.99','569-227-0685'),(337,'Ezechiel','Castagne','ecastagne9c@t.co','Male','$3.81','603-149-0573'),(338,'Zacharias','Dorricott','zdorricott9d@vk.com','Male','$9.33','377-695-0677'),(339,'Atalanta','Atthowe','aatthowe9e@flickr.com','Female','$3.14','931-900-1292'),(340,'Kassandra','Stayt','kstayt9f@arstechnica.com','Female','$9.91','217-486-2209'),(341,'Chickie','Stuckford','cstuckford9g@etsy.com','Female','$7.47','431-303-9995'),(342,'Fionna','Rehor','frehor9h@w3.org','Female','$0.58','555-928-2969'),(343,'Tymothy','Storer','tstorer9i@twitpic.com','Male','$1.14','589-618-1835'),(344,'Hermia','Seer','hseer9j@eepurl.com','Female','$4.10','900-754-8054'),(345,'Hayes','McClaughlin','hmcclaughlin9k@squidoo.com','Male','$3.16','664-891-4606'),(346,'Hastings','Oakenfield','hoakenfield9l@eepurl.com','Male','$3.78','654-284-3362'),(347,'Niko','Pykett','npykett9m@creativecommons.org','Male','$7.93','459-351-9808'),(348,'Abdul','Luckhurst','aluckhurst9n@google.de','Male','$5.12','757-964-0274'),(349,'Marlon','Ewbanck','mewbanck9o@shinystat.com','Male','$1.17','195-589-2611'),(350,'Bruno','Von Salzberg','bvonsalzberg9p@princeton.edu','Male','$1.63','861-482-2872'),(351,'Lamond','Carrel','lcarrel9q@ustream.tv','Male','$6.25','740-470-5451'),(352,'Towny','Guerri','tguerri9r@telegraph.co.uk','Male','$8.51','473-789-2657'),(353,'Dolores','Rentoll','drentoll9s@bravesites.com','Female','$5.30','909-981-2982'),(354,'Lars','Purchon','lpurchon9t@1und1.de','Male','$2.52','996-378-5904'),(355,'Alla','Sally','asally9u@wix.com','Female','$4.91','864-735-8908'),(356,'Lorin','Lis','llis9v@gravatar.com','Male','$5.81','698-183-4767'),(357,'Valentin','McNally','vmcnally9w@wikimedia.org','Male','$7.96','263-891-1074'),(358,'Ofella','Gatiss','ogatiss9x@wikimedia.org','Female','$4.06','437-524-9722'),(359,'Stefano','Sherville','ssherville9y@ed.gov','Male','$0.91','619-218-0134'),(360,'Chrysa','Stockin','cstockin9z@photobucket.com','Female','$3.62','385-796-0042'),(361,'Essa','Arnaldy','earnaldya0@digg.com','Female','$9.74','626-743-4541'),(362,'Dorry','Merrydew','dmerrydewa1@sogou.com','Female','$9.33','851-278-7096'),(363,'Gavin','Shugg','gshugga2@hao123.com','Male','$2.67','356-845-8839'),(364,'Carny','Dyter','cdytera3@gnu.org','Male','$1.29','965-270-9595'),(365,'Adaline','Brightie','abrightiea4@army.mil','Female','$8.98','165-654-5142'),(366,'Nadean','Tough','ntougha5@jimdo.com','Female','$7.92','836-735-1054'),(367,'Terrance','Basterfield','tbasterfielda6@slideshare.net','Male','$3.68','382-472-1329'),(368,'Zonda','Dowdney','zdowdneya7@barnesandnoble.com','Female','$0.83','624-991-2003'),(369,'Kendrick','Grewcock','kgrewcocka8@canalblog.com','Male','$8.89','288-945-5822'),(370,'Clywd','Halton','chaltona9@ed.gov','Male','$0.70','532-636-2954'),(371,'Cass','Spawell','cspawellaa@mit.edu','Male','$9.93','905-106-3794'),(372,'Barclay','Koppke','bkoppkeab@miitbeian.gov.cn','Male','$1.94','363-125-2684'),(373,'Mikaela','Caghy','mcaghyac@ihg.com','Female','$6.48','721-949-4684'),(374,'Brenna','Speares','bspearesad@wsj.com','Female','$3.52','215-573-6463'),(375,'Clayton','Grouer','cgrouerae@bandcamp.com','Male','$4.19','305-863-7208'),(376,'Martie','Ferrea','mferreaaf@wiley.com','Male','$9.59','294-512-4573'),(377,'Ynez','Dunk','ydunkag@cmu.edu','Female','$5.60','287-439-9654'),(378,'Marrissa','Pedrollo','mpedrolloah@merriam-webster.com','Female','$7.14','328-627-8137'),(379,'Nicoline','Burkill','nburkillai@cnet.com','Female','$6.18','761-599-3449'),(380,'Gale','McClarence','gmcclarenceaj@drupal.org','Male','$0.28','785-258-2846'),(381,'Rip','Heaton','rheatonak@chicagotribune.com','Male','$2.33','210-347-7131'),(382,'Britni','Alabaster','balabasteral@eepurl.com','Female','$4.84','276-836-3458'),(383,'Christan','Keavy','ckeavyam@weibo.com','Female','$1.81','243-661-1510'),(384,'Danila','Bradforth','dbradforthan@domainmarket.com','Female','$2.79','780-255-0569'),(385,'Sander','Kleinstub','skleinstubao@cocolog-nifty.com','Male','$7.39','114-243-6061'),(386,'Aline','Bruun','abruunap@geocities.com','Female','$6.60','271-143-2798'),(387,'Sallie','Worton','swortonaq@archive.org','Female','$5.47','181-421-5778'),(388,'Errick','Garton','egartonar@mapquest.com','Male','$4.63','515-741-4058'),(389,'Marcela','Hourston','mhourstonas@noaa.gov','Female','$8.65','131-804-9980'),(390,'Joelynn','Flag','jflagat@is.gd','Female','$4.09','888-869-9026'),(391,'Wyatt','Jemmett','wjemmettau@scribd.com','Male','$7.31','697-879-9971'),(392,'Giffer','Volk','gvolkav@shutterfly.com','Male','$4.98','415-463-9530'),(393,'Hewet','Pryke','hprykeaw@sun.com','Male','$5.27','288-294-3873'),(394,'Cinda','Pierton','cpiertonax@columbia.edu','Female','$6.75','314-805-4280'),(395,'Berty','Skocroft','bskocroftay@fda.gov','Male','$8.27','740-633-6464'),(396,'Tucky','Huck','thuckaz@jimdo.com','Male','$3.78','725-595-5150'),(397,'Cynthie','Arndell','carndellb0@icio.us','Female','$6.97','920-463-9472'),(398,'Brendin','Peyro','bpeyrob1@about.com','Male','$8.32','898-195-5592'),(399,'Nonie','Manilow','nmanilowb2@cafepress.com','Female','$1.36','779-905-7547'),(400,'Tiertza','Tamblyn','ttamblynb3@craigslist.org','Female','$1.93','530-629-8561'),(401,'Merell','Muddicliffe','mmuddicliffeb4@cam.ac.uk','Male','$2.55','596-718-6043'),(402,'Jarrad','Dix','jdixb5@squidoo.com','Male','$5.84','126-203-2512'),(403,'Langston','Gonsalvo','lgonsalvob6@harvard.edu','Male','$9.20','597-337-6955'),(404,'Shepperd','Pollastro','spollastrob7@cocolog-nifty.com','Male','$7.69','855-628-8783'),(405,'Van','Bridger','vbridgerb8@topsy.com','Male','$2.92','882-749-8861'),(406,'Nicola','Burley','nburleyb9@dropbox.com','Female','$2.41','224-319-4163'),(407,'Peder','Staden','pstadenba@slate.com','Male','$2.49','107-191-0009'),(408,'Sutherlan','Wrates','swratesbb@creativecommons.org','Male','$4.44','923-855-5625'),(409,'Marlane','McGready','mmcgreadybc@tripadvisor.com','Female','$4.68','411-122-6756'),(410,'Selene','Dalrymple','sdalrymplebd@hatena.ne.jp','Female','$2.72','598-788-8112'),(411,'Meagan','Langdridge','mlangdridgebe@comcast.net','Female','$9.31','516-223-9778'),(412,'Kimberley','MacDiarmid','kmacdiarmidbf@unc.edu','Female','$4.67','958-836-1027'),(413,'Antoine','Kupka','akupkabg@merriam-webster.com','Male','$9.26','523-494-1106'),(414,'Corrie','Yeude','cyeudebh@geocities.com','Male','$2.43','676-577-4727'),(415,'Melodie','Rawne','mrawnebi@bizjournals.com','Female','$6.55','663-395-8163'),(416,'Lindie','Leaves','lleavesbj@facebook.com','Female','$0.32','616-310-6665'),(417,'Lorena','Garcia','lgarciabk@ovh.net','Female','$0.83','149-361-6456'),(418,'Chaddy','Caddan','ccaddanbl@twitpic.com','Male','$1.44','799-159-7441'),(419,'Hanan','Gask','hgaskbm@ibm.com','Male','$8.86','192-886-6532'),(420,'Blakeley','Capell','bcapellbn@mtv.com','Female','$2.06','273-902-0868'),(421,'Burty','Humbles','bhumblesbo@tinypic.com','Male','$1.19','648-227-8128'),(422,'Lockwood','Bromet','lbrometbp@reference.com','Male','$6.13','135-172-4697'),(423,'Allyn','Dewhurst','adewhurstbq@g.co','Male','$4.52','709-136-8090'),(424,'Rosella','Barstowk','rbarstowkbr@webeden.co.uk','Female','$8.05','370-792-3631'),(425,'Tyrus','Ickov','tickovbs@ycombinator.com','Male','$4.10','776-620-5205'),(426,'Benedetta','Wooldridge','bwooldridgebt@last.fm','Female','$7.51','901-537-9694'),(427,'Sidoney','Follacaro','sfollacarobu@ox.ac.uk','Female','$5.65','610-773-1267'),(428,'Pauly','Comberbach','pcomberbachbv@imgur.com','Male','$7.52','221-126-2642'),(429,'Hillyer','Gronw','hgronwbw@friendfeed.com','Male','$2.94','579-733-6855'),(430,'Marilee','Habbema','mhabbemabx@techcrunch.com','Female','$5.34','422-364-4510'),(431,'Moyra','MacFie','mmacfieby@nytimes.com','Female','$1.68','845-164-3009'),(432,'De witt','Brusle','dbruslebz@free.fr','Male','$2.56','867-127-0957'),(433,'Rose','Yven','ryvenc0@msn.com','Female','$9.53','585-406-8087'),(434,'Charmaine','Stoite','cstoitec1@4shared.com','Female','$2.66','882-746-5544'),(435,'Derrik','Alpe','dalpec2@netlog.com','Male','$8.33','591-938-8586'),(436,'Arel','Rideout','arideoutc3@ehow.com','Male','$0.55','648-810-5058'),(437,'Benny','Swire','bswirec4@4shared.com','Female','$8.94','985-957-2663'),(438,'Arlene','D\'Aulby','adaulbyc5@amazon.co.uk','Female','$7.10','792-754-8316'),(439,'Aubrette','MacVay','amacvayc6@joomla.org','Female','$9.73','229-292-5209'),(440,'Chet','MacArte','cmacartec7@disqus.com','Male','$2.70','958-342-5134'),(441,'Darline','Lambshine','dlambshinec8@globo.com','Female','$3.57','978-535-7536'),(442,'Thomas','Tieraney','ttieraneyc9@twitter.com','Male','$7.32','571-829-2202'),(443,'Madelle','Grabham','mgrabhamca@chicagotribune.com','Female','$1.16','639-428-5894'),(444,'Korrie','Boc','kboccb@csmonitor.com','Female','$8.73','771-391-9195'),(445,'Bentlee','Widocks','bwidockscc@a8.net','Male','$8.32','474-181-4935'),(446,'Colleen','Dales','cdalescd@webmd.com','Female','$6.12','625-626-5803'),(447,'Edlin','Orrom','eorromce@miitbeian.gov.cn','Male','$3.91','509-989-0370'),(448,'Kerri','Woolgar','kwoolgarcf@youtu.be','Female','$2.05','361-267-7074'),(449,'Randi','Ivy','rivycg@dailymail.co.uk','Male','$5.46','466-882-8970'),(450,'Somerset','Mcasparan','smcasparanch@addthis.com','Male','$9.51','940-585-9720'),(451,'Mathilde','Shaplin','mshaplinci@google.co.uk','Female','$8.46','665-319-2951'),(452,'Royce','Belliveau','rbelliveaucj@barnesandnoble.com','Male','$8.64','645-477-3023'),(453,'Eydie','Rawlin','erawlinck@oakley.com','Female','$2.30','649-770-2810'),(454,'Sherwynd','McCrie','smccriecl@hhs.gov','Male','$7.53','518-792-4364'),(455,'Yetty','Deeth','ydeethcm@imgur.com','Female','$8.90','473-706-5170'),(456,'Dom','Cowmeadow','dcowmeadowcn@eepurl.com','Male','$0.18','781-804-5321'),(457,'Bran','Van den Dael','bvandendaelco@bbc.co.uk','Male','$1.57','883-970-1686'),(458,'Keir','Bouts','kboutscp@ihg.com','Male','$0.49','227-499-7261'),(459,'Jammie','Gradwell','jgradwellcq@yahoo.com','Female','$1.00','539-646-5185'),(460,'Robby','Brand-Hardy','rbrandhardycr@theatlantic.com','Male','$3.90','499-496-3714'),(461,'Susanna','Worthy','sworthycs@xrea.com','Female','$8.41','990-544-9444'),(462,'Tucker','Filipputti','tfilipputtict@weibo.com','Male','$4.11','503-812-0527'),(463,'Shellysheldon','Kerkham','skerkhamcu@adobe.com','Male','$9.25','227-425-6717'),(464,'Dorri','Yuille','dyuillecv@smugmug.com','Female','$7.24','210-732-1157'),(465,'Nobie','Clemencon','nclemenconcw@nydailynews.com','Male','$1.88','957-878-1332'),(466,'Tamara','Cottingham','tcottinghamcx@cdc.gov','Female','$2.79','152-806-0734'),(467,'Clay','McAsgill','cmcasgillcy@joomla.org','Male','$6.82','361-674-5425'),(468,'Sean','Karle','skarlecz@go.com','Female','$4.69','811-221-3777'),(469,'Trstram','Hannabus','thannabusd0@squidoo.com','Male','$6.57','402-805-4128'),(470,'Peyter','Brickell','pbrickelld1@1und1.de','Male','$6.76','175-580-7428'),(471,'Hedy','Chin','hchind2@mtv.com','Female','$8.71','768-636-6219'),(472,'Melisandra','Newbold','mnewboldd3@topsy.com','Female','$4.68','348-238-2779'),(473,'Blanca','Delcastel','bdelcasteld4@arstechnica.com','Female','$8.48','472-396-1522'),(474,'Brittan','Klimpt','bklimptd5@google.cn','Female','$6.44','701-918-3539'),(475,'Barr','Pleasance','bpleasanced6@mediafire.com','Male','$6.98','666-273-1581'),(476,'Kaye','Raccio','kracciod7@imdb.com','Female','$5.97','233-469-9513'),(477,'Paolo','Charette','pcharetted8@google.pl','Male','$6.33','744-648-5729'),(478,'Kaila','McCaughey','kmccaugheyd9@odnoklassniki.ru','Female','$3.21','168-967-1193'),(479,'Kathy','Clipsham','kclipshamda@creativecommons.org','Female','$6.49','184-424-0430'),(480,'Rosetta','Stanluck','rstanluckdb@nymag.com','Female','$9.99','402-938-0193'),(481,'Luciano','Siehard','lsieharddc@mozilla.com','Male','$2.53','861-998-3748'),(482,'Tansy','Perrie','tperriedd@sakura.ne.jp','Female','$6.52','910-880-7134'),(483,'Phedra','Gandey','pgandeyde@mac.com','Female','$9.92','944-907-4508'),(484,'Cheryl','Eastmond','ceastmonddf@issuu.com','Female','$7.13','427-770-0654'),(485,'Launce','Burbudge','lburbudgedg@nhs.uk','Male','$8.81','532-494-0511'),(486,'Ysabel','Iredale','yiredaledh@guardian.co.uk','Female','$1.83','264-242-8146'),(487,'Rhody','Surphliss','rsurphlissdi@princeton.edu','Female','$4.60','224-713-5451'),(488,'Jud','Mawne','jmawnedj@alexa.com','Male','$3.46','719-709-5756'),(489,'Miltie','Dowderswell','mdowderswelldk@springer.com','Male','$7.05','672-454-4611'),(490,'Lawton','Strass','lstrassdl@bloglovin.com','Male','$1.74','902-965-0009'),(491,'Corabel','Ashwell','cashwelldm@wikia.com','Female','$0.74','434-610-9684'),(492,'Kirsteni','Huster','khusterdn@ucla.edu','Female','$2.53','625-434-1085'),(493,'Ephrem','Wainscot','ewainscotdo@jalbum.net','Male','$7.00','943-724-3059'),(494,'Biron','Buxton','bbuxtondp@tinypic.com','Male','$0.09','606-534-1021'),(495,'Carroll','Auston','caustondq@cornell.edu','Male','$0.14','232-358-0962'),(496,'Ferne','Priscott','fpriscottdr@clickbank.net','Female','$8.62','128-749-9729'),(497,'Blondie','Joe','bjoeds@artisteer.com','Female','$0.22','171-953-7092'),(498,'Phyllis','Espinoy','pespinoydt@nsw.gov.au','Female','$2.16','934-128-1329'),(499,'Monty','Witherdon','mwitherdondu@amazonaws.com','Male','$1.33','511-642-4370'),(500,'Cameron','Everitt','ceverittdv@comsenz.com','Male','$1.16','462-479-4771'),(501,'Violetta','Joire','vjoiredw@google.de','Female','$7.97','493-304-5621'),(502,'Wilbur','Mazonowicz','wmazonowiczdx@house.gov','Male','$5.81','516-887-5950'),(503,'Mavis','Toman','mtomandy@harvard.edu','Female','$3.54','367-911-5955'),(504,'Tedie','Reinard','treinarddz@fastcompany.com','Male','$3.91','287-457-6428'),(505,'Anson','Markova','amarkovae0@census.gov','Male','$1.02','454-793-4460'),(506,'Jeanine','Scantlebury','jscantleburye1@cocolog-nifty.com','Female','$7.02','420-295-8075'),(507,'Delaney','Leneham','dlenehame2@princeton.edu','Male','$7.80','543-187-8581'),(508,'Obie','Maudlen','omaudlene3@wp.com','Male','$0.44','890-729-8345'),(509,'Kristine','Brogi','kbrogie4@nsw.gov.au','Female','$9.39','843-178-7397'),(510,'Opaline','Cornewell','ocornewelle5@prlog.org','Female','$1.77','839-880-3122'),(511,'Jermaine','Girdler','jgirdlere6@netlog.com','Male','$3.22','882-680-2796'),(512,'Matteo','Poytress','mpoytresse7@gnu.org','Male','$3.14','794-254-3272'),(513,'Jemmie','Fernihough','jfernihoughe8@psu.edu','Female','$6.53','562-605-3832'),(514,'Biddy','Pochon','bpochone9@usatoday.com','Female','$0.88','867-866-1369'),(515,'Torie','Singyard','tsingyardea@intel.com','Female','$1.87','113-881-0180'),(516,'Pen','Doick','pdoickeb@pagesperso-orange.fr','Male','$7.45','614-852-4732'),(517,'Antonie','Maytom','amaytomec@cdbaby.com','Female','$5.50','772-805-6202'),(518,'Lenora','Leeds','lleedsed@netlog.com','Female','$3.55','346-374-0553'),(519,'Katherine','Olivello','kolivelloee@vk.com','Female','$3.92','268-801-9192'),(520,'Lalo','Treby','ltrebyef@yahoo.com','Male','$6.56','767-279-6013'),(521,'Si','Sidebottom','ssidebottomeg@apple.com','Male','$5.57','252-874-1679'),(522,'Roth','McKyrrelly','rmckyrrellyeh@hhs.gov','Male','$3.87','743-472-8143'),(523,'Vitoria','Cotter','vcotterei@symantec.com','Female','$1.95','488-419-3653'),(524,'Collette','Sends','csendsej@clickbank.net','Female','$7.67','894-399-6908'),(525,'Julian','Lazar','jlazarek@xing.com','Male','$0.78','368-180-4906'),(526,'Averell','McIntosh','amcintoshel@reverbnation.com','Male','$9.60','533-411-9679'),(527,'Kizzie','Surgeoner','ksurgeonerem@odnoklassniki.ru','Female','$6.62','273-556-2922'),(528,'Melody','Creaser','mcreaseren@usa.gov','Female','$2.88','755-123-0909'),(529,'Ulrich','Lanning','ulanningeo@ow.ly','Male','$8.71','926-430-7972'),(530,'Hope','Worling','hworlingep@elegantthemes.com','Female','$0.26','434-510-1714'),(531,'Clyve','Lilleman','clillemaneq@ucla.edu','Male','$8.29','879-931-4380'),(532,'Natale','Polotti','npolottier@edublogs.org','Male','$8.75','393-429-4585'),(533,'Tamma','Kirwan','tkirwanes@storify.com','Female','$3.37','608-758-2478'),(534,'Kahlil','Dobey','kdobeyet@microsoft.com','Male','$7.16','989-605-5062'),(535,'Susanne','Ackery','sackeryeu@nytimes.com','Female','$8.18','573-196-1144'),(536,'Morna','Danielian','mdanielianev@jimdo.com','Female','$3.18','303-119-1375'),(537,'Vladimir','Eason','veasonew@hao123.com','Male','$5.58','549-505-6953'),(538,'Arvin','Shepton','asheptonex@goodreads.com','Male','$1.01','983-521-6448'),(539,'Linet','Insull','linsulley@ucoz.ru','Female','$0.16','748-389-8848'),(540,'Reynard','Cypler','rcyplerez@marriott.com','Male','$4.09','276-462-6165'),(541,'Clara','Boyd','cboydf0@abc.net.au','Female','$7.52','585-875-2721'),(542,'Bird','Nestor','bnestorf1@nymag.com','Female','$9.39','918-961-9430'),(543,'Dru','Sultan','dsultanf2@51.la','Male','$2.72','953-966-5786'),(544,'Sisely','Bucke','sbuckef3@latimes.com','Female','$1.62','428-731-7359'),(545,'Amaleta','Scambler','ascamblerf4@linkedin.com','Female','$1.46','360-422-6322'),(546,'Reg','Gudgeon','rgudgeonf5@si.edu','Male','$4.83','175-197-9766'),(547,'Rosy','Purselow','rpurselowf6@google.co.uk','Female','$7.63','897-530-4180'),(548,'Amelita','Drayson','adraysonf7@tinypic.com','Female','$7.49','380-647-5226'),(549,'Jude','Point','jpointf8@shop-pro.jp','Male','$7.03','293-568-9550'),(550,'Bailey','Stoak','bstoakf9@craigslist.org','Male','$3.57','490-912-5582'),(551,'Nico','Bertrand','nbertrandfa@usgs.gov','Male','$3.82','698-190-6953'),(552,'Annalee','Quince','aquincefb@newyorker.com','Female','$2.23','657-397-9468'),(553,'Bobbi','Lutty','bluttyfc@nhs.uk','Female','$7.45','142-183-8961'),(554,'Jennette','Salatino','jsalatinofd@apple.com','Female','$3.80','982-767-6638'),(555,'Dyann','Alderman','daldermanfe@smh.com.au','Female','$5.66','173-857-9012'),(556,'Sioux','Huelin','shuelinff@seesaa.net','Female','$2.78','722-547-5151'),(557,'Moria','Dauby','mdaubyfg@alexa.com','Female','$7.34','535-861-8491'),(558,'Grange','Petris','gpetrisfh@163.com','Male','$8.67','512-926-3310'),(559,'Jacquette','Lodo','jlodofi@loc.gov','Female','$5.13','226-314-7140'),(560,'Dorette','Labba','dlabbafj@technorati.com','Female','$5.17','158-372-7507'),(561,'Rodney','Blei','rbleifk@last.fm','Male','$4.39','679-547-9331'),(562,'Robbin','Ilyinski','rilyinskifl@umich.edu','Female','$9.78','927-336-2859'),(563,'Kevina','Cottu','kcottufm@digg.com','Female','$3.31','477-764-2750'),(564,'Lacey','Chestnut','lchestnutfn@networkadvertising.org','Female','$4.35','564-450-2445'),(565,'Sabrina','Conen','sconenfo@a8.net','Female','$1.99','780-165-1571'),(566,'Amie','Paladino','apaladinofp@usda.gov','Female','$9.52','673-213-0654'),(567,'Salaidh','De Laspee','sdelaspeefq@multiply.com','Female','$0.96','712-206-5614'),(568,'Regan','Werny','rwernyfr@newsvine.com','Male','$9.74','532-266-1524'),(569,'Bastien','Juckes','bjuckesfs@taobao.com','Male','$2.10','846-499-1310'),(570,'Nikolai','Dudderidge','ndudderidgeft@soup.io','Male','$3.65','351-987-8575'),(571,'Bryce','Occleshaw','boccleshawfu@ucoz.com','Male','$7.63','980-405-2524'),(572,'Chance','Warwick','cwarwickfv@wunderground.com','Male','$1.25','539-426-9719'),(573,'Monti','Izakovitz','mizakovitzfw@addtoany.com','Male','$1.02','810-957-5487'),(574,'Rich','Rutherford','rrutherfordfx@163.com','Male','$7.37','159-158-2452'),(575,'Georgie','Van der Kruis','gvanderkruisfy@ucsd.edu','Male','$0.41','569-878-1028'),(576,'Kendre','McMains','kmcmainsfz@i2i.jp','Female','$6.31','389-811-0226'),(577,'Andre','Dearl','adearlg0@tmall.com','Male','$6.42','492-289-4867'),(578,'Rowena','Topper','rtopperg1@npr.org','Female','$3.31','726-876-6945'),(579,'Arni','Colleran','acollerang2@admin.ch','Male','$9.60','507-350-1947'),(580,'Dina','Deakes','ddeakesg3@multiply.com','Female','$0.03','964-836-4878'),(581,'Ignaz','Cecely','icecelyg4@ebay.com','Male','$6.26','293-268-8913'),(582,'Gerardo','Rabier','grabierg5@parallels.com','Male','$8.91','307-645-4086'),(583,'Emmanuel','Handrek','ehandrekg6@amazonaws.com','Male','$8.16','223-915-1531'),(584,'Irwinn','Gobourn','igobourng7@china.com.cn','Male','$9.30','618-421-2426'),(585,'Braden','McCleod','bmccleodg8@plala.or.jp','Male','$2.00','597-533-8024'),(586,'Mona','Benettolo','mbenettolog9@discuz.net','Female','$3.92','816-838-3388'),(587,'Jerry','Lebourn','jlebournga@home.pl','Male','$7.31','266-966-3981'),(588,'Evered','Blasi','eblasigb@opera.com','Male','$0.33','438-973-4567'),(589,'Tucky','Jakubovits','tjakubovitsgc@rediff.com','Male','$3.76','394-900-1571'),(590,'Victoir','Thynne','vthynnegd@symantec.com','Male','$0.68','775-546-7284'),(591,'Elissa','McIvor','emcivorge@issuu.com','Female','$9.23','922-202-6655'),(592,'Leshia','Mapledoram','lmapledoramgf@booking.com','Female','$5.57','497-957-2716'),(593,'Pauli','Smallsman','psmallsmangg@gizmodo.com','Female','$7.92','695-825-4096'),(594,'Sula','Duding','sdudinggh@freewebs.com','Female','$1.68','212-525-1211'),(595,'Mae','Wheatland','mwheatlandgi@google.co.jp','Female','$5.75','165-196-1636'),(596,'Der','Kelleway','dkellewaygj@163.com','Male','$3.07','859-522-9013'),(597,'Melli','Gershom','mgershomgk@furl.net','Female','$3.16','757-437-3542'),(598,'Osborne','Brodeur','obrodeurgl@ed.gov','Male','$5.16','389-441-8090'),(599,'Oliviero','Scantleberry','oscantleberrygm@sphinn.com','Male','$2.75','231-257-8380'),(600,'Roy','Thorndycraft','rthorndycraftgn@opensource.org','Male','$7.79','809-287-0585'),(601,'Bartlett','Muldrew','bmuldrewgo@ed.gov','Male','$9.92','895-758-1705'),(602,'Regen','Caley','rcaleygp@washington.edu','Male','$5.07','129-840-1069'),(603,'Otto','Kadwallider','okadwallidergq@illinois.edu','Male','$3.97','511-272-2833'),(604,'Zackariah','Minifie','zminifiegr@slashdot.org','Male','$1.23','769-122-5411'),(605,'Adrianna','Graveston','agravestongs@ebay.com','Female','$9.03','218-336-8789'),(606,'Elnar','Pestor','epestorgt@yale.edu','Male','$1.44','374-386-4103'),(607,'Horten','Guntrip','hguntripgu@nationalgeographic.com','Male','$5.23','528-501-2243'),(608,'Isador','Hughs','ihughsgv@fc2.com','Male','$1.43','234-645-9642'),(609,'Shanan','Steptow','ssteptowgw@sbwire.com','Male','$4.38','516-650-3810'),(610,'Charley','Meininking','cmeininkinggx@ed.gov','Male','$5.07','101-720-5083'),(611,'Brad','Guillond','bguillondgy@wiley.com','Male','$0.51','165-613-5155'),(612,'Tracie','Srutton','tsruttongz@t-online.de','Male','$6.83','930-600-1375'),(613,'Kingston','Curnock','kcurnockh0@marketwatch.com','Male','$3.71','285-516-4400'),(614,'Willa','Offa','woffah1@mediafire.com','Female','$1.36','221-550-8968'),(615,'Onfroi','Bartolomieu','obartolomieuh2@phoca.cz','Male','$2.37','161-787-4092'),(616,'Raeann','Ainslie','rainslieh3@mtv.com','Female','$9.20','295-955-5481'),(617,'Em','Ottley','eottleyh4@spotify.com','Female','$1.86','769-248-2615'),(618,'Wendi','Martonfi','wmartonfih5@bloglines.com','Female','$1.21','361-598-2708'),(619,'Margarita','Dairton','mdairtonh6@microsoft.com','Female','$9.05','511-857-3206'),(620,'Marty','Playle','mplayleh7@sun.com','Male','$0.22','104-492-3775'),(621,'Nestor','Biaggioli','nbiaggiolih8@amazon.co.uk','Male','$8.40','664-896-6913'),(622,'Jacquelynn','Dallimare','jdallimareh9@boston.com','Female','$4.56','781-422-9380'),(623,'Beverlee','McCaughran','bmccaughranha@webmd.com','Female','$1.40','830-704-4180'),(624,'Rodolphe','Theuss','rtheusshb@newsvine.com','Male','$9.95','769-388-7297'),(625,'Montague','Gingle','mginglehc@theatlantic.com','Male','$6.89','734-698-6501'),(626,'Jess','Isaq','jisaqhd@last.fm','Male','$7.54','134-804-8432'),(627,'Vernen','Bottinelli','vbottinellihe@stumbleupon.com','Male','$3.90','166-191-3965'),(628,'Olin','Arnowitz','oarnowitzhf@latimes.com','Male','$4.87','956-661-2481'),(629,'Brit','Pigeram','bpigeramhg@cisco.com','Female','$7.06','751-769-1693'),(630,'Cicely','Sineath','csineathhh@sciencedirect.com','Female','$9.43','267-515-4454'),(631,'Dianne','MacGuffie','dmacguffiehi@e-recht24.de','Female','$7.68','245-215-9726'),(632,'Angeli','Braganca','abragancahj@gov.uk','Male','$4.59','473-852-3782'),(633,'Smith','Tipping','stippinghk@whitehouse.gov','Male','$4.65','563-269-8371'),(634,'Linn','Loveard','lloveardhl@boston.com','Female','$8.58','163-146-8728'),(635,'Warden','Ribbon','wribbonhm@live.com','Male','$5.92','806-324-5668'),(636,'Harrietta','Jerrard','hjerrardhn@mozilla.com','Female','$8.76','619-992-8142'),(637,'Almeda','Boosey','abooseyho@google.fr','Female','$8.38','556-766-5204'),(638,'Caitlin','Claiden','cclaidenhp@is.gd','Female','$1.02','819-226-0741'),(639,'Ole','Oswal','ooswalhq@redcross.org','Male','$3.55','202-372-7937'),(640,'Eberhard','Bessey','ebesseyhr@bizjournals.com','Male','$5.52','809-275-5857'),(641,'Herby','Yosselevitch','hyosselevitchhs@1und1.de','Male','$9.22','966-510-3294'),(642,'Kaylee','Pollack','kpollackht@xinhuanet.com','Female','$3.87','951-777-4981'),(643,'Gustaf','Reams','greamshu@vinaora.com','Male','$5.38','606-214-6313'),(644,'Carmelina','Mayall','cmayallhv@addtoany.com','Female','$3.32','396-797-4171'),(645,'Fernando','Guyon','fguyonhw@slashdot.org','Male','$4.02','894-909-9514'),(646,'Pearla','Faulds','pfauldshx@angelfire.com','Female','$4.50','467-678-8629'),(647,'Geoffrey','Santorini','gsantorinihy@abc.net.au','Male','$5.13','874-560-5074'),(648,'Farra','Marrow','fmarrowhz@amazon.co.jp','Female','$6.32','978-747-3051'),(649,'Rosie','Tolliday','rtollidayi0@csmonitor.com','Female','$3.57','244-851-5413'),(650,'Kenton','Barbie','kbarbiei1@earthlink.net','Male','$0.23','146-103-0868'),(651,'Micaela','Bysshe','mbysshei2@utexas.edu','Female','$2.75','887-464-6279'),(652,'Levy','Llorens','lllorensi3@unesco.org','Male','$2.19','473-431-5532'),(653,'Cleon','Ferenc','cferenci4@techcrunch.com','Male','$4.13','144-366-2963'),(654,'Karlotte','Eglaise','keglaisei5@nps.gov','Female','$1.88','389-162-7493'),(655,'Barbee','Ternouth','bternouthi6@reddit.com','Female','$5.09','512-264-3944'),(656,'Leonhard','Smallcombe','lsmallcombei7@skyrock.com','Male','$6.00','824-319-3122'),(657,'Ofelia','Huckle','ohucklei8@army.mil','Female','$6.26','293-727-3101'),(658,'Vanna','Garrettson','vgarrettsoni9@shutterfly.com','Female','$3.05','868-388-8799'),(659,'Douglas','Wilmut','dwilmutia@naver.com','Male','$7.61','331-304-4580'),(660,'Clyde','Heck','checkib@dailymotion.com','Male','$7.35','997-185-9342'),(661,'Ermentrude','Tessington','etessingtonic@ibm.com','Female','$3.43','910-835-6261'),(662,'Maurice','Stark','mstarkid@miibeian.gov.cn','Male','$8.82','798-737-0823'),(663,'Julianne','Andrzej','jandrzejie@yellowbook.com','Female','$9.09','142-876-5921'),(664,'Gui','Downie','gdownieif@google.it','Female','$3.41','711-822-3970'),(665,'Pen','Malletratt','pmalletrattig@google.de','Male','$1.58','539-397-2159'),(666,'Wallace','Stolli','wstolliih@photobucket.com','Male','$7.12','363-168-7583'),(667,'Felipe','Downs','fdownsii@infoseek.co.jp','Male','$1.30','411-422-9737'),(668,'Washington','Iannuzzelli','wiannuzzelliij@washington.edu','Male','$5.68','133-824-7426'),(669,'Dorree','Kaye','dkayeik@ask.com','Female','$4.05','197-110-9341'),(670,'Isiahi','Goodbarne','igoodbarneil@ow.ly','Male','$3.40','374-798-9778'),(671,'Wilmette','McAtamney','wmcatamneyim@stumbleupon.com','Female','$7.89','132-585-1676'),(672,'Abigael','Skeermer','askeermerin@alexa.com','Female','$3.58','683-511-3134'),(673,'Baird','Runcieman','brunciemanio@slate.com','Male','$9.55','959-477-9369'),(674,'Yul','Athey','yatheyip@columbia.edu','Male','$3.34','331-851-6945'),(675,'Kippy','Kadd','kkaddiq@buzzfeed.com','Male','$5.80','288-573-0488'),(676,'Conn','Glasson','cglassonir@tiny.cc','Male','$1.23','797-353-3441'),(677,'Bradly','Griffith','bgriffithis@europa.eu','Male','$0.20','748-465-0929'),(678,'Kent','Bugden','kbugdenit@army.mil','Male','$2.18','212-374-4189'),(679,'Oralle','Lowerson','olowersoniu@list-manage.com','Female','$3.58','494-425-6459'),(680,'Ara','Moynihan','amoynihaniv@harvard.edu','Male','$0.99','238-665-2210'),(681,'Merry','Simenet','msimenetiw@google.com.hk','Female','$0.23','765-601-5380'),(682,'Lucina','Beckinsall','lbeckinsallix@trellian.com','Female','$1.32','802-681-1582'),(683,'Frasquito','Kalberer','fkalbereriy@hubpages.com','Male','$4.75','702-989-6093'),(684,'Mitch','Asman','masmaniz@washington.edu','Male','$8.83','145-654-9115'),(685,'Janos','Grigsby','jgrigsbyj0@ucsd.edu','Male','$9.32','786-876-9023'),(686,'Fleur','Spurling','fspurlingj1@blinklist.com','Female','$8.43','566-220-6412'),(687,'Timotheus','Remmers','tremmersj2@chicagotribune.com','Male','$5.36','840-361-6899'),(688,'Izzy','Rutland','irutlandj3@smh.com.au','Male','$8.62','717-211-5560'),(689,'Dahlia','Hefner','dhefnerj4@drupal.org','Female','$7.90','533-560-4490'),(690,'Eugenia','Brunger','ebrungerj5@netscape.com','Female','$9.91','692-669-1501'),(691,'Othelia','Peasey','opeaseyj6@stumbleupon.com','Female','$4.55','773-981-3374'),(692,'Kevin','Drewitt','kdrewittj7@soup.io','Male','$9.87','788-184-0857'),(693,'Eulalie','Stute','estutej8@reuters.com','Female','$8.66','924-691-8395'),(694,'Marven','Dudin','mdudinj9@t.co','Male','$2.08','159-959-8992'),(695,'Guinevere','de Tocqueville','gdetocquevilleja@cdbaby.com','Female','$4.07','193-298-7723'),(696,'Izabel','Bleaden','ibleadenjb@fastcompany.com','Female','$5.92','864-819-7397'),(697,'Pier','Badcock','pbadcockjc@over-blog.com','Female','$8.80','402-567-3835'),(698,'Stillman','Giddings','sgiddingsjd@zdnet.com','Male','$9.30','852-827-8494'),(699,'Evvy','Kellie','ekellieje@odnoklassniki.ru','Female','$7.49','578-459-4627'),(700,'Daniel','Robillard','drobillardjf@marriott.com','Male','$2.55','305-191-0537'),(701,'Rena','Abrahmovici','rabrahmovicijg@microsoft.com','Female','$6.98','544-369-1773'),(702,'Madelle','Points','mpointsjh@sun.com','Female','$3.61','447-580-4974'),(703,'Aleen','Baseley','abaseleyji@bravesites.com','Female','$9.92','385-257-4071'),(704,'Berkley','Jozefczak','bjozefczakjj@globo.com','Male','$6.09','342-816-8925'),(705,'Rheba','Ivantsov','rivantsovjk@walmart.com','Female','$9.00','416-974-4509'),(706,'Kameko','Gheorghescu','kgheorghescujl@plala.or.jp','Female','$6.63','218-785-8888'),(707,'Kellina','De Vaar','kdevaarjm@aboutads.info','Female','$1.32','347-567-2796'),(708,'Lisbeth','Glynn','lglynnjn@walmart.com','Female','$6.30','491-152-3880'),(709,'Valry','Spofforth','vspofforthjo@nationalgeographic.com','Female','$4.33','532-337-7012'),(710,'Dalila','Hunnicot','dhunnicotjp@blogspot.com','Female','$3.88','269-363-0895'),(711,'Egan','Scoggin','escogginjq@rambler.ru','Male','$1.94','687-186-8434'),(712,'Lazar','Grigolon','lgrigolonjr@cargocollective.com','Male','$9.97','432-425-2832'),(713,'Saxon','Sally','ssallyjs@lulu.com','Male','$6.69','800-554-1867'),(714,'Roley','Benardet','rbenardetjt@nature.com','Male','$1.19','990-313-5291'),(715,'Giorgia','Mobbs','gmobbsju@irs.gov','Female','$7.73','714-989-2060'),(716,'Petr','Laflin','plaflinjv@mozilla.com','Male','$4.28','568-172-1697'),(717,'Justen','Mattschas','jmattschasjw@exblog.jp','Male','$6.43','225-707-4969'),(718,'Juieta','Gallant','jgallantjx@va.gov','Female','$3.90','596-563-7559'),(719,'Meggie','Jaram','mjaramjy@twitpic.com','Female','$7.45','964-606-9472'),(720,'Leonore','Maton','lmatonjz@google.co.jp','Female','$1.14','137-504-1228'),(721,'Marcus','Pinkerton','mpinkertonk0@google.com.au','Male','$4.49','963-124-3493'),(722,'Misha','Oven','movenk1@cpanel.net','Female','$9.74','467-443-8924'),(723,'Arni','Gimert','agimertk2@mapquest.com','Male','$7.61','363-834-6272'),(724,'Vern','Rickcord','vrickcordk3@smugmug.com','Male','$7.96','317-107-0103'),(725,'Shepard','Copley','scopleyk4@spiegel.de','Male','$0.99','193-834-5698'),(726,'Lyell','Ovens','lovensk5@about.com','Male','$6.98','925-479-1088'),(727,'Morty','Harker','mharkerk6@myspace.com','Male','$3.45','763-586-6404'),(728,'Marcello','Pigney','mpigneyk7@usgs.gov','Male','$2.92','443-703-5337'),(729,'Lucio','Tolhurst','ltolhurstk8@patch.com','Male','$7.20','323-934-2079'),(730,'Selene','Tollmache','stollmachek9@wunderground.com','Female','$7.60','627-163-2725'),(731,'Lyn','Gilderoy','lgilderoyka@artisteer.com','Male','$9.78','642-483-8627'),(732,'Moshe','Iddins','middinskb@ucsd.edu','Male','$2.20','291-910-4246'),(733,'Arlen','Tarling','atarlingkc@foxnews.com','Male','$5.23','256-200-7758'),(734,'Leshia','Gudge','lgudgekd@51.la','Female','$7.34','632-939-8074'),(735,'Barb','Garrity','bgarrityke@ibm.com','Female','$6.22','615-390-6185'),(736,'Rafaello','Rosenblatt','rrosenblattkf@dell.com','Male','$3.52','682-744-7203'),(737,'Shanie','Medcalfe','smedcalfekg@nba.com','Female','$5.02','340-851-1102'),(738,'Hew','Amos','hamoskh@opensource.org','Male','$4.83','655-196-3135'),(739,'Angel','Etheridge','aetheridgeki@desdev.cn','Male','$5.19','947-831-7876'),(740,'Cello','Timson','ctimsonkj@twitter.com','Male','$4.96','763-293-7133'),(741,'Melodee','Clapham','mclaphamkk@businessweek.com','Female','$4.21','492-884-3093'),(742,'Montgomery','Dorgon','mdorgonkl@tripadvisor.com','Male','$4.10','729-346-9499'),(743,'Isacco','Vittery','ivitterykm@parallels.com','Male','$4.20','414-239-2123'),(744,'Bronny','Hume','bhumekn@dropbox.com','Male','$3.95','466-952-5363'),(745,'Levey','Kellen','lkellenko@about.com','Male','$7.67','463-849-6519'),(746,'Lorrie','Lancastle','llancastlekp@simplemachines.org','Male','$6.31','269-244-7164'),(747,'Layney','Swanston','lswanstonkq@wikipedia.org','Female','$2.51','711-589-0217'),(748,'Gypsy','Springle','gspringlekr@ehow.com','Female','$2.88','949-666-1452'),(749,'Leonhard','Barfield','lbarfieldks@google.cn','Male','$5.36','863-170-1305'),(750,'Ancell','Beebis','abeebiskt@home.pl','Male','$4.36','809-695-1797'),(751,'Gavin','Flanne','gflanneku@utexas.edu','Male','$9.95','403-338-5220'),(752,'Antonio','Cornelisse','acornelissekv@technorati.com','Male','$4.28','311-822-3918'),(753,'Alastair','Gusticke','agustickekw@domainmarket.com','Male','$0.76','699-921-4163'),(754,'Crystal','Leven','clevenkx@alibaba.com','Female','$5.42','308-263-8683'),(755,'Sidonnie','Crosier','scrosierky@github.com','Female','$0.71','912-340-8873'),(756,'Kimberly','Batistelli','kbatistellikz@yandex.ru','Female','$3.98','222-201-3852'),(757,'Margarette','Bellham','mbellhaml0@devhub.com','Female','$2.27','920-469-3673'),(758,'Gates','Fearn','gfearnl1@newyorker.com','Female','$8.68','719-332-9901'),(759,'Crosby','Yves','cyvesl2@pbs.org','Male','$4.05','750-810-8304'),(760,'Giffer','Hambelton','ghambeltonl3@irs.gov','Male','$7.95','739-589-8361'),(761,'Karlens','Hawkings','khawkingsl4@cocolog-nifty.com','Male','$2.06','640-972-6554'),(762,'Callean','Laugier','claugierl5@facebook.com','Male','$5.88','144-313-6879'),(763,'Nickolaus','Salazar','nsalazarl6@geocities.jp','Male','$5.18','320-594-1632'),(764,'Markos','Diego','mdiegol7@vkontakte.ru','Male','$8.60','921-446-0974'),(765,'Loy','Kobierzycki','lkobierzyckil8@shutterfly.com','Male','$8.41','867-573-0225'),(766,'Prent','Gunton','pguntonl9@instagram.com','Male','$0.25','190-704-9261'),(767,'Grenville','Vickerstaff','gvickerstaffla@angelfire.com','Male','$3.67','902-732-4101'),(768,'Tiffani','Tokley','ttokleylb@utexas.edu','Female','$3.47','925-219-8284'),(769,'Irving','MacQuist','imacquistlc@flavors.me','Male','$0.44','257-123-3817'),(770,'Sydney','De Minico','sdeminicold@omniture.com','Female','$3.52','848-787-4617'),(771,'Ward','Macvey','wmacveyle@opera.com','Male','$8.76','610-584-0831'),(772,'Gweneth','Muck','gmucklf@yolasite.com','Female','$0.08','151-728-6495'),(773,'Libbie','Ollington','lollingtonlg@unblog.fr','Female','$6.06','231-384-7924'),(774,'Willow','Sidle','wsidlelh@bloglines.com','Female','$4.36','363-316-2558'),(775,'Terza','Beuscher','tbeuscherli@java.com','Female','$1.69','777-584-6450'),(776,'Reidar','Duffill','rduffilllj@so-net.ne.jp','Male','$4.09','796-515-7828'),(777,'Eve','Stormes','estormeslk@wisc.edu','Female','$2.18','951-865-9914'),(778,'Marissa','Bauckham','mbauckhamll@theatlantic.com','Female','$5.21','516-378-3716'),(779,'Farleigh','Surgenor','fsurgenorlm@ucoz.com','Male','$0.34','507-115-3711'),(780,'Colleen','Jamot','cjamotln@ucoz.ru','Female','$5.96','568-512-3072'),(781,'Karole','Scupham','kscuphamlo@nationalgeographic.com','Female','$1.36','322-292-6352'),(782,'Lyndel','Andreucci','landreuccilp@hubpages.com','Female','$7.91','787-132-1384'),(783,'Raviv','Messum','rmessumlq@livejournal.com','Male','$3.52','901-968-7867'),(784,'Perkin','MacAulay','pmacaulaylr@dion.ne.jp','Male','$9.44','826-985-1074'),(785,'Geraldine','Grabbam','ggrabbamls@apple.com','Female','$9.51','813-983-7461'),(786,'Cliff','Sowerbutts','csowerbuttslt@cdbaby.com','Male','$3.32','674-269-1320'),(787,'Althea','Madgwick','amadgwicklu@netvibes.com','Female','$0.27','719-555-7965'),(788,'Maxie','Gunbie','mgunbielv@dedecms.com','Male','$0.49','535-535-1235'),(789,'Honor','Ainger','haingerlw@mac.com','Female','$1.26','671-819-5447'),(790,'Peyter','Valek','pvaleklx@patch.com','Male','$0.25','341-663-2162'),(791,'Petra','Woonton','pwoontonly@whitehouse.gov','Female','$8.95','598-322-9316'),(792,'Pavia','Doubrava','pdoubravalz@pinterest.com','Female','$8.99','153-430-8677'),(793,'Carlene','Schwander','cschwanderm0@who.int','Female','$2.63','196-862-4253'),(794,'Joellen','Matthews','jmatthewsm1@census.gov','Female','$8.85','488-741-5326'),(795,'Fayina','Spendley','fspendleym2@tumblr.com','Female','$9.82','698-228-3384'),(796,'Roseanna','Fike','rfikem3@umn.edu','Female','$6.15','274-578-4785'),(797,'Gina','Tremeer','gtremeerm4@typepad.com','Female','$2.82','685-552-1748'),(798,'Tedmund','Balleine','tballeinem5@elegantthemes.com','Male','$4.32','850-871-3854'),(799,'Gerianne','Cumes','gcumesm6@nhs.uk','Female','$9.22','725-447-5698'),(800,'Anna-maria','Blucher','ablucherm7@seattletimes.com','Female','$5.81','508-738-0256'),(801,'Maury','Stockings','mstockingsm8@intel.com','Male','$4.18','182-448-7275'),(802,'Laure','Emlyn','lemlynm9@google.ru','Female','$4.92','215-976-8730'),(803,'Teirtza','Gulleford','tgullefordma@multiply.com','Female','$7.45','511-900-8574'),(804,'Joey','Balf','jbalfmb@telegraph.co.uk','Male','$9.24','478-681-1022'),(805,'Manfred','Mellsop','mmellsopmc@amazon.co.uk','Male','$0.62','868-396-9844'),(806,'Tann','Rumbellow','trumbellowmd@telegraph.co.uk','Male','$3.30','537-495-3744'),(807,'Barney','Lancastle','blancastleme@about.com','Male','$1.57','440-560-5357'),(808,'Ericha','Laughrey','elaughreymf@vimeo.com','Female','$8.80','311-461-2457'),(809,'Wye','Boothe','wboothemg@sakura.ne.jp','Male','$1.38','831-612-5886'),(810,'Lianne','Boag','lboagmh@umich.edu','Female','$5.71','480-315-0926'),(811,'Lark','Gymblett','lgymblettmi@addthis.com','Female','$4.54','434-659-2187'),(812,'Tish','Malenoir','tmalenoirmj@plala.or.jp','Female','$9.50','379-298-6893'),(813,'Octavia','Rhule','orhulemk@acquirethisname.com','Female','$5.69','819-176-6708'),(814,'Aubert','Corwood','acorwoodml@patch.com','Male','$9.92','529-564-9811'),(815,'Emelyne','Wilshire','ewilshiremm@engadget.com','Female','$7.27','346-525-6973'),(816,'Ethan','Billitteri','ebillitterimn@flickr.com','Male','$6.24','574-837-5331'),(817,'Geoffry','Saggs','gsaggsmo@patch.com','Male','$8.69','384-426-5373'),(818,'Lowell','Davidow','ldavidowmp@narod.ru','Male','$1.60','952-164-4173'),(819,'Dotti','Dumberell','ddumberellmq@ucla.edu','Female','$7.71','958-161-0108'),(820,'Kaspar','Bertlin','kbertlinmr@foxnews.com','Male','$7.22','567-482-3287'),(821,'Laird','Oldfield-Cherry','loldfieldcherryms@tamu.edu','Male','$9.53','587-846-4049'),(822,'Raye','Pittham','rpitthammt@archive.org','Female','$5.90','311-276-1276'),(823,'Hayley','Van Der Hoog','hvanderhoogmu@springer.com','Female','$5.32','399-108-5252'),(824,'Orton','Bonaire','obonairemv@parallels.com','Male','$2.77','317-253-7526'),(825,'Lurleen','Poel','lpoelmw@canalblog.com','Female','$4.02','642-174-7440'),(826,'Goddart','Everil','geverilmx@washingtonpost.com','Male','$8.12','466-426-9904'),(827,'Justino','Wolters','jwoltersmy@marriott.com','Male','$7.56','146-844-3585'),(828,'Ramonda','Cabel','rcabelmz@slideshare.net','Female','$2.59','644-369-7743'),(829,'Tulley','Creffield','tcreffieldn0@prweb.com','Male','$8.05','366-997-5445'),(830,'Babita','O\'Lennachain','bolennachainn1@purevolume.com','Female','$2.44','810-510-1545'),(831,'Constancy','Honywill','chonywilln2@latimes.com','Female','$2.25','902-522-6652'),(832,'Irving','Cornely','icornelyn3@zdnet.com','Male','$1.27','627-814-7404'),(833,'Hirsch','Surphliss','hsurphlissn4@wired.com','Male','$0.16','468-163-5405'),(834,'Marina','Pischel','mpischeln5@indiegogo.com','Female','$4.93','643-598-7508'),(835,'Babb','Dayton','bdaytonn6@ucla.edu','Female','$1.67','131-898-8925'),(836,'Thomas','Corkitt','tcorkittn7@squarespace.com','Male','$2.72','409-931-8828'),(837,'Vikky','Haskur','vhaskurn8@netlog.com','Female','$8.96','675-730-4864'),(838,'Thibaud','Keatley','tkeatleyn9@prweb.com','Male','$8.97','502-680-5385'),(839,'Pauly','Caudray','pcaudrayna@noaa.gov','Female','$0.51','148-462-1150'),(840,'Curr','Nutton','cnuttonnb@list-manage.com','Male','$9.49','540-357-1219'),(841,'Julie','Bouchard','jbouchardnc@sourceforge.net','Male','$3.35','185-288-0097'),(842,'Lettie','Uzzell','luzzellnd@jigsy.com','Female','$7.89','200-418-8735'),(843,'Lura','Beedie','lbeediene@biglobe.ne.jp','Female','$4.95','698-309-9953'),(844,'Saundra','Prime','sprimenf@ihg.com','Female','$4.31','553-424-4598'),(845,'Tristam','Clopton','tcloptonng@psu.edu','Male','$0.55','152-365-4252'),(846,'Perle','Faireclough','pfairecloughnh@scientificamerican.com','Female','$1.17','605-745-8424'),(847,'Janaye','Gommey','jgommeyni@eepurl.com','Female','$0.52','963-242-2106'),(848,'Winnah','Diffley','wdiffleynj@amazon.co.uk','Female','$8.22','762-295-8436'),(849,'Ludwig','Mushawe','lmushawenk@instagram.com','Male','$3.68','492-380-4486'),(850,'Bambie','Bloodworth','bbloodworthnl@unc.edu','Female','$9.34','424-853-0003'),(851,'Hogan','Bulford','hbulfordnm@thetimes.co.uk','Male','$1.73','607-286-4241'),(852,'Nickie','Stealy','nstealynn@ehow.com','Female','$7.42','888-377-2507'),(853,'Desiri','Matokhnin','dmatokhninno@youtube.com','Female','$9.88','640-763-4738'),(854,'Carina','Dyson','cdysonnp@aboutads.info','Female','$2.54','929-979-3115'),(855,'Anatol','Dowley','adowleynq@fema.gov','Male','$5.20','644-765-8834'),(856,'Branden','Curzon','bcurzonnr@harvard.edu','Male','$2.10','621-823-7413'),(857,'Fonsie','Greim','fgreimns@t-online.de','Male','$7.77','656-772-8234'),(858,'Nedda','Normanvill','nnormanvillnt@booking.com','Female','$8.19','798-281-1462'),(859,'Suzie','Maltman','smaltmannu@gravatar.com','Female','$1.57','240-646-0275'),(860,'Vincenz','Manshaw','vmanshawnv@moonfruit.com','Male','$5.03','971-307-6310'),(861,'Ealasaid','Aisthorpe','eaisthorpenw@technorati.com','Female','$6.70','615-328-0990'),(862,'Moselle','Gettins','mgettinsnx@smh.com.au','Female','$3.38','616-839-8543'),(863,'Elmer','Patriche','epatricheny@mapquest.com','Male','$1.84','623-823-8018'),(864,'Finn','Jocic','fjocicnz@constantcontact.com','Male','$1.20','368-203-9679'),(865,'Ellwood','Orehead','eoreheado0@is.gd','Male','$6.23','637-491-0048'),(866,'Ilysa','Shimon','ishimono1@theatlantic.com','Female','$9.86','797-438-9135'),(867,'Gracia','Gimeno','ggimenoo2@ebay.co.uk','Female','$9.40','246-176-7845'),(868,'Morley','Methingam','mmethingamo3@elegantthemes.com','Male','$6.42','270-616-2738'),(869,'Auberon','Tchir','atchiro4@linkedin.com','Male','$9.48','110-685-1511'),(870,'Dotti','Doget','ddogeto5@timesonline.co.uk','Female','$4.01','905-527-2301'),(871,'Ralf','Hammond','rhammondo6@hud.gov','Male','$8.33','799-495-2357'),(872,'Marie-ann','Govan','mgovano7@1und1.de','Female','$7.44','577-649-9411'),(873,'Octavia','Vahl','ovahlo8@oracle.com','Female','$4.69','498-385-2464'),(874,'Rina','Pringley','rpringleyo9@toplist.cz','Female','$7.96','448-226-9308'),(875,'Alana','Ranaghan','aranaghanoa@prlog.org','Female','$8.29','550-600-0938'),(876,'Chicky','Moreinis','cmoreinisob@ox.ac.uk','Female','$8.90','218-813-9384'),(877,'Zitella','Szapiro','zszapirooc@wired.com','Female','$2.35','638-878-9740'),(878,'Rich','Maletratt','rmaletrattod@cnbc.com','Male','$4.50','784-278-8551'),(879,'Mycah','Meert','mmeertoe@google.de','Male','$0.79','373-214-4200'),(880,'Kelsey','Shapland','kshaplandof@liveinternet.ru','Female','$4.75','780-245-6230'),(881,'York','Minigo','yminigoog@blogtalkradio.com','Male','$0.65','195-114-8640'),(882,'Trstram','Drugan','tdruganoh@ox.ac.uk','Male','$2.28','706-368-3089'),(883,'Vassili','Gorrie','vgorrieoi@vinaora.com','Male','$2.84','201-882-0601'),(884,'Marin','Ullyott','mullyottoj@fastcompany.com','Female','$8.31','689-286-6375'),(885,'Jennica','Bagehot','jbagehotok@stanford.edu','Female','$9.47','402-571-0561'),(886,'Blane','Turbitt','bturbittol@chronoengine.com','Male','$0.46','700-499-9527'),(887,'Dorette','Ballchin','dballchinom@army.mil','Female','$0.67','416-576-7174'),(888,'Karleen','Hadgraft','khadgrafton@hao123.com','Female','$0.76','443-726-2202'),(889,'Rockwell','Scarse','rscarseoo@google.co.jp','Male','$2.69','394-371-7162'),(890,'Traver','Ragat','tragatop@dyndns.org','Male','$4.46','883-787-0005'),(891,'Kurtis','Woodage','kwoodageoq@oakley.com','Male','$7.29','943-325-1279'),(892,'Mellisa','Eul','meulor@constantcontact.com','Female','$0.33','444-935-3755'),(893,'Eberto','Bayle','ebayleos@microsoft.com','Male','$3.79','483-138-5066'),(894,'Phillip','Overthrow','poverthrowot@blogs.com','Male','$5.25','136-110-0975'),(895,'Smitty','Stackbridge','sstackbridgeou@mapquest.com','Male','$1.91','259-882-0855'),(896,'Cherida','Spoole','cspooleov@comcast.net','Female','$4.10','644-457-4797'),(897,'Jacobo','Chateau','jchateauow@wordpress.org','Male','$2.07','432-589-1119'),(898,'Wallie','De Filippis','wdefilippisox@smh.com.au','Female','$3.45','399-473-4896'),(899,'Paulie','Gapper','pgapperoy@reverbnation.com','Female','$9.50','575-149-4094'),(900,'Mayne','Doorbar','mdoorbaroz@reference.com','Male','$4.07','754-375-6819'),(901,'Marcellina','Gathwaite','mgathwaitep0@unblog.fr','Female','$6.49','308-561-5268'),(902,'Rosalinda','Poore','rpoorep1@symantec.com','Female','$10.00','984-313-7730'),(903,'Michaeline','Stowell','mstowellp2@dedecms.com','Female','$2.05','906-463-0509'),(904,'Tillie','Rouse','trousep3@baidu.com','Female','$7.23','812-760-6845'),(905,'Ammamaria','Oneil','aoneilp4@dell.com','Female','$3.48','448-558-5240'),(906,'Viviyan','Probets','vprobetsp5@un.org','Female','$3.37','528-620-5888'),(907,'Beilul','Mesnard','bmesnardp6@weather.com','Female','$6.70','106-765-6099'),(908,'Yankee','St Pierre','ystpierrep7@bluehost.com','Male','$9.98','734-975-6865'),(909,'Germaine','Gasperi','ggasperip8@last.fm','Female','$3.50','304-995-6543'),(910,'Micheal','Toll','mtollp9@nydailynews.com','Male','$0.98','432-971-1072'),(911,'Bar','Bugdell','bbugdellpa@domainmarket.com','Male','$4.19','859-771-5861'),(912,'Zed','McKue','zmckuepb@meetup.com','Male','$7.38','667-670-1917'),(913,'Cort','Sherville','cshervillepc@noaa.gov','Male','$9.84','833-614-8571'),(914,'Clemence','Moreland','cmorelandpd@icio.us','Female','$2.29','410-403-0383'),(915,'Arnaldo','Brion','abrionpe@youtube.com','Male','$8.14','565-444-2789'),(916,'Efren','Churching','echurchingpf@plala.or.jp','Male','$6.91','675-785-6187'),(917,'Beitris','Moxsom','bmoxsompg@tuttocitta.it','Female','$3.98','976-782-0228'),(918,'Sherwin','Kynastone','skynastoneph@amazon.com','Male','$7.31','509-110-6462'),(919,'Kally','Souttar','ksouttarpi@tuttocitta.it','Female','$3.78','676-366-4176'),(920,'Kelcey','Baverstock','kbaverstockpj@thetimes.co.uk','Female','$8.93','834-573-8087'),(921,'Dee dee','Tarbin','dtarbinpk@soup.io','Female','$6.99','473-788-6689'),(922,'Steve','Queste','squestepl@storify.com','Male','$1.96','709-237-0289'),(923,'Lincoln','Lukins','llukinspm@toplist.cz','Male','$2.53','126-912-5272'),(924,'Iormina','Itzcovich','iitzcovichpn@princeton.edu','Female','$4.94','533-852-1427'),(925,'Tallie','Newens','tnewenspo@huffingtonpost.com','Male','$0.25','431-934-2187'),(926,'Whitney','Lettuce','wlettucepp@merriam-webster.com','Male','$6.14','561-745-1817'),(927,'Gordon','Plewright','gplewrightpq@skyrock.com','Male','$6.59','253-698-6395'),(928,'Dixie','Trevon','dtrevonpr@dion.ne.jp','Female','$6.44','124-141-0564'),(929,'Elene','Guilloux','eguillouxps@bigcartel.com','Female','$4.31','665-105-1320'),(930,'Arlina','Willingham','awillinghampt@smh.com.au','Female','$5.56','632-790-9841'),(931,'Orelia','Schellig','oschelligpu@stanford.edu','Female','$7.14','795-546-1641'),(932,'Richard','Macellar','rmacellarpv@ted.com','Male','$8.16','776-136-9125'),(933,'Olivia','Stollenhof','ostollenhofpw@cnet.com','Female','$9.63','717-291-0486'),(934,'Bertie','Stonman','bstonmanpx@deviantart.com','Male','$3.22','863-675-5725'),(935,'Oswell','Emmanuele','oemmanuelepy@who.int','Male','$6.00','603-153-1464'),(936,'Clo','Ferrea','cferreapz@google.ca','Female','$4.15','761-432-9231'),(937,'Siward','McCarthy','smccarthyq0@posterous.com','Male','$8.79','591-289-8554'),(938,'Frasier','Meneghelli','fmeneghelliq1@toplist.cz','Male','$6.52','692-306-3948'),(939,'Melodie','Fewell','mfewellq2@sphinn.com','Female','$2.97','567-520-2982'),(940,'Yorgo','Gilfillan','ygilfillanq3@phpbb.com','Male','$1.59','634-245-0795'),(941,'Mario','Doughty','mdoughtyq4@so-net.ne.jp','Male','$6.39','480-536-5577'),(942,'Olav','Kynder','okynderq5@newyorker.com','Male','$3.91','953-301-6931'),(943,'Merill','Gossage','mgossageq6@marketwatch.com','Male','$5.34','402-958-8315'),(944,'Robin','Whellans','rwhellansq7@xrea.com','Male','$2.48','432-817-6518'),(945,'Alfie','Beckhurst','abeckhurstq8@comcast.net','Male','$1.87','470-311-2005'),(946,'Roby','Letson','rletsonq9@google.pl','Female','$7.05','514-845-4530'),(947,'Zachery','Batman','zbatmanqa@mit.edu','Male','$6.55','378-175-1542'),(948,'Suzie','Sharratt','ssharrattqb@go.com','Female','$2.44','918-472-0403'),(949,'Cairistiona','Bendtsen','cbendtsenqc@stumbleupon.com','Female','$2.45','813-664-8665'),(950,'Tyne','Smallbone','tsmallboneqd@blogger.com','Female','$7.75','162-882-3464'),(951,'Alma','Hutchens','ahutchensqe@etsy.com','Female','$1.62','620-944-0363'),(952,'Joelynn','Milne','jmilneqf@google.cn','Female','$5.50','820-461-0465'),(953,'Jarrid','Skae','jskaeqg@canalblog.com','Male','$6.66','366-667-5952'),(954,'Zeb','Stanford','zstanfordqh@prnewswire.com','Male','$4.63','149-748-8118'),(955,'Nicky','Yanshinov','nyanshinovqi@spotify.com','Male','$2.18','188-537-8805'),(956,'Corbie','Persse','cpersseqj@php.net','Male','$5.81','118-729-0701'),(957,'Grover','Marians','gmariansqk@ifeng.com','Male','$8.86','853-578-3657'),(958,'Theresita','Dowsey','tdowseyql@xing.com','Female','$7.16','583-829-1269'),(959,'Ingeberg','Ferron','iferronqm@icio.us','Female','$9.08','596-443-3923'),(960,'Pris','Creech','pcreechqn@friendfeed.com','Female','$5.20','609-261-4410'),(961,'Megan','Trustey','mtrusteyqo@irs.gov','Female','$6.13','708-670-5183'),(962,'Fara','Biasioli','fbiasioliqp@microsoft.com','Female','$1.43','881-858-0024'),(963,'Caterina','Hallan','challanqq@mozilla.com','Female','$0.30','925-491-0016'),(964,'Charil','Belcham','cbelchamqr@live.com','Female','$2.50','917-254-0112'),(965,'Lanie','Bargery','lbargeryqs@amazon.co.jp','Female','$8.61','608-648-2552'),(966,'Margalo','Wolfarth','mwolfarthqt@imdb.com','Female','$0.36','399-783-0502'),(967,'Ulla','Slafford','uslaffordqu@unicef.org','Female','$5.82','147-886-1487'),(968,'Deeyn','Doneld','ddoneldqv@utexas.edu','Female','$3.17','406-980-9347'),(969,'Belicia','Anniwell','banniwellqw@marriott.com','Female','$9.45','222-392-7304'),(970,'Violante','Abramovitz','vabramovitzqx@cloudflare.com','Female','$7.32','331-135-7784'),(971,'Mahmud','Bogey','mbogeyqy@loc.gov','Male','$3.83','572-528-6468'),(972,'Vannie','Finley','vfinleyqz@cnn.com','Female','$4.10','994-934-4696'),(973,'Janeczka','Rupprecht','jrupprechtr0@a8.net','Female','$9.54','398-403-3887'),(974,'Lindi','Sandars','lsandarsr1@webeden.co.uk','Female','$6.66','361-261-2772'),(975,'Windy','Stendell','wstendellr2@gnu.org','Female','$4.03','168-498-0083'),(976,'Kendell','Lascelles','klascellesr3@telegraph.co.uk','Male','$4.83','898-262-7383'),(977,'Tiffy','Curtoys','tcurtoysr4@alexa.com','Female','$8.58','279-237-7073'),(978,'Tabby','Forward','tforwardr5@reuters.com','Male','$3.20','503-100-8716'),(979,'Jaye','Tice','jticer6@noaa.gov','Male','$8.99','287-418-6856'),(980,'Bertrando','Paschke','bpaschker7@csmonitor.com','Male','$0.23','435-264-5932'),(981,'Rebecca','Wilshire','rwilshirer8@jimdo.com','Female','$3.66','612-587-0592'),(982,'Ernest','Baskwell','ebaskwellr9@nih.gov','Male','$3.09','471-355-0491'),(983,'Janelle','Crum','jcrumra@furl.net','Female','$1.36','365-465-6626'),(984,'Griz','Gauler','ggaulerrb@miitbeian.gov.cn','Male','$9.21','678-840-7880'),(985,'Chic','Balmforth','cbalmforthrc@pinterest.com','Male','$8.80','833-368-1709'),(986,'Hanson','Assinder','hassinderrd@ehow.com','Male','$1.71','189-933-1238'),(987,'Merwin','Palluschek','mpalluschekre@businesswire.com','Male','$8.01','860-457-1327'),(988,'Grenville','Lanfranconi','glanfranconirf@lycos.com','Male','$6.03','496-807-2615'),(989,'Britni','Prose','bproserg@blog.com','Female','$5.09','137-478-1576'),(990,'Hannah','McKenney','hmckenneyrh@pcworld.com','Female','$5.75','426-714-6517'),(991,'Marice','Ubank','mubankri@1und1.de','Female','$9.65','593-747-8952'),(992,'Myrna','Mylechreest','mmylechreestrj@list-manage.com','Female','$9.14','173-125-8449'),(993,'Orin','Hamly','ohamlyrk@sogou.com','Male','$8.63','422-882-1838'),(994,'Nevsa','Kohlert','nkohlertrl@weebly.com','Female','$4.11','322-712-2458'),(995,'Berti','Nason','bnasonrm@jugem.jp','Male','$2.41','686-225-0133'),(996,'Candice','Mincher','cmincherrn@sciencedaily.com','Female','$1.31','406-171-9539'),(997,'Danya','Warwick','dwarwickro@whitehouse.gov','Female','$8.17','894-996-6195'),(998,'Dolley','Hritzko','dhritzkorp@lycos.com','Female','$3.57','904-391-2731'),(999,'Janot','Surgeon','jsurgeonrq@weebly.com','Female','$2.02','758-979-6921'),(1000,'Roscoe','Meyer','rmeyerrr@census.gov','Male','$5.68','825-116-2530');
/*!40000 ALTER TABLE `account` ENABLE KEYS */;
UNLOCK TABLES;

--
-- Table structure for table `animals`
--

DROP TABLE IF EXISTS `animals`;
/*!40101 SET @saved_cs_client     = @@character_set_client */;
/*!40101 SET character_set_client = utf8 */;
CREATE TABLE `animals` (
  `id` mediumint(9) NOT NULL AUTO_INCREMENT,
  `name` char(30) NOT NULL,
  PRIMARY KEY (`id`)
) ENGINE=InnoDB AUTO_INCREMENT=7 DEFAULT CHARSET=latin1;
/*!40101 SET character_set_client = @saved_cs_client */;

--
-- Dumping data for table `animals`
--

LOCK TABLES `animals` WRITE;
/*!40000 ALTER TABLE `animals` DISABLE KEYS */;
INSERT INTO `animals` VALUES (1,'dog'),(2,'cat'),(3,'penguin'),(4,'lax'),(5,'whale'),(6,'ostrich');
/*!40000 ALTER TABLE `animals` ENABLE KEYS */;
UNLOCK TABLES;

--
-- Table structure for table `countries`
--

DROP TABLE IF EXISTS `countries`;
/*!40101 SET @saved_cs_client     = @@character_set_client */;
/*!40101 SET character_set_client = utf8 */;
CREATE TABLE `countries` (
  `COUNTRY_ID` varchar(2) NOT NULL,
  `COUNTRY_NAME` varchar(40) DEFAULT NULL,
  `REGION_ID` decimal(10,0) DEFAULT NULL,
  PRIMARY KEY (`COUNTRY_ID`),
  KEY `COUNTR_REG_FK` (`REGION_ID`)
) ENGINE=MyISAM DEFAULT CHARSET=latin1;
/*!40101 SET character_set_client = @saved_cs_client */;

--
-- Dumping data for table `countries`
--

LOCK TABLES `countries` WRITE;
/*!40000 ALTER TABLE `countries` DISABLE KEYS */;
INSERT INTO `countries` VALUES ('AR','Argentina',2),('AU','Australia',3),('BE','Belgium',1),('BR','Brazil',2),('CA','Canada',2),('CH','Switzerland',1),('CN','China',3),('DE','Germany',1),('DK','Denmark',1),('EG','Egypt',4),('FR','France',1),('HK','HongKong',3),('IL','Israel',4),('IN','India',3),('IT','Italy',1),('JP','Japan',3),('KW','Kuwait',4),('MX','Mexico',2),('NG','Nigeria',4),('NL','Netherlands',1),('SG','Singapore',3),('UK','United Kingdom',1),('US','United States of America',2),('ZM','Zambia',4),('ZW','Zimbabwe',4);
/*!40000 ALTER TABLE `countries` ENABLE KEYS */;
UNLOCK TABLES;

--
-- Table structure for table `departments`
--

DROP TABLE IF EXISTS `departments`;
/*!40101 SET @saved_cs_client     = @@character_set_client */;
/*!40101 SET character_set_client = utf8 */;
CREATE TABLE `departments` (
  `DEPARTMENT_ID` decimal(4,0) NOT NULL DEFAULT '0',
  `DEPARTMENT_NAME` varchar(30) NOT NULL,
  `MANAGER_ID` decimal(6,0) DEFAULT NULL,
  `LOCATION_ID` decimal(4,0) DEFAULT NULL,
  PRIMARY KEY (`DEPARTMENT_ID`),
  KEY `DEPT_MGR_FK` (`MANAGER_ID`),
  KEY `DEPT_LOCATION_IX` (`LOCATION_ID`)
) ENGINE=MyISAM DEFAULT CHARSET=latin1;
/*!40101 SET character_set_client = @saved_cs_client */;

--
-- Dumping data for table `departments`
--

LOCK TABLES `departments` WRITE;
/*!40000 ALTER TABLE `departments` DISABLE KEYS */;
INSERT INTO `departments` VALUES (10,'Administration',200,1700),(20,'Marketing',201,1800),(30,'Purchasing',114,1700),(40,'Human Resources',203,2400),(50,'Shipping',121,1500),(60,'IT',103,1400),(70,'Public Relations',204,2700),(80,'Sales',145,2500),(90,'Executive',100,1700),(100,'Finance',108,1700),(110,'Accounting',205,1700),(120,'Treasury',0,1700),(130,'Corporate Tax',0,1700),(140,'Control And Credit',0,1700),(150,'Shareholder Services',0,1700),(160,'Benefits',0,1700),(170,'Manufacturing',0,1700),(180,'Construction',0,1700),(190,'Contracting',0,1700),(200,'Operations',0,1700),(210,'IT Support',0,1700),(220,'NOC',0,1700),(230,'IT Helpdesk',0,1700),(240,'Government Sales',0,1700),(250,'Retail Sales',0,1700),(260,'Recruiting',0,1700),(270,'Payroll',0,1700);
/*!40000 ALTER TABLE `departments` ENABLE KEYS */;
UNLOCK TABLES;

--
-- Table structure for table `employees`
--

DROP TABLE IF EXISTS `employees`;
/*!40101 SET @saved_cs_client     = @@character_set_client */;
/*!40101 SET character_set_client = utf8 */;
CREATE TABLE `employees` (
  `EMPLOYEE_ID` decimal(6,0) NOT NULL DEFAULT '0',
  `FIRST_NAME` varchar(20) DEFAULT NULL,
  `LAST_NAME` varchar(25) NOT NULL,
  `EMAIL` varchar(25) NOT NULL,
  `PHONE_NUMBER` varchar(20) DEFAULT NULL,
  `HIRE_DATE` date NOT NULL,
  `JOB_ID` varchar(10) NOT NULL,
  `SALARY` decimal(8,2) DEFAULT NULL,
  `COMMISSION_PCT` decimal(2,2) DEFAULT NULL,
  `MANAGER_ID` decimal(6,0) DEFAULT NULL,
  `DEPARTMENT_ID` decimal(4,0) DEFAULT NULL,
  PRIMARY KEY (`EMPLOYEE_ID`),
  UNIQUE KEY `EMP_EMAIL_UK` (`EMAIL`),
  KEY `EMP_DEPARTMENT_IX` (`DEPARTMENT_ID`),
  KEY `EMP_JOB_IX` (`JOB_ID`),
  KEY `EMP_MANAGER_IX` (`MANAGER_ID`),
  KEY `EMP_NAME_IX` (`LAST_NAME`,`FIRST_NAME`)
) ENGINE=MyISAM DEFAULT CHARSET=latin1;
/*!40101 SET character_set_client = @saved_cs_client */;

--
-- Dumping data for table `employees`
--

LOCK TABLES `employees` WRITE;
/*!40000 ALTER TABLE `employees` DISABLE KEYS */;
INSERT INTO `employees` VALUES (100,'Steven','King','SKING','515.123.4567','1987-06-17','AD_PRES',24000.00,0.00,0,90),(101,'Neena','Kochhar','NKOCHHAR','515.123.4568','1987-06-18','AD_VP',17000.00,0.00,100,90),(102,'Lex','De Haan','LDEHAAN','515.123.4569','1987-06-19','AD_VP',17000.00,0.00,100,90),(103,'Alexander','Hunold','AHUNOLD','590.423.4567','1987-06-20','IT_PROG',9000.00,0.00,102,60),(104,'Bruce','Ernst','BERNST','590.423.4568','1987-06-21','IT_PROG',6000.00,0.00,103,60),(105,'David','Austin','DAUSTIN','590.423.4569','1987-06-22','IT_PROG',4800.00,0.00,103,60),(106,'Valli','Pataballa','VPATABAL','590.423.4560','1987-06-23','IT_PROG',4800.00,0.00,103,60),(107,'Diana','Lorentz','DLORENTZ','590.423.5567','1987-06-24','IT_PROG',4200.00,0.00,103,60),(108,'Nancy','Greenberg','NGREENBE','515.124.4569','1987-06-25','FI_MGR',12000.00,0.00,101,100),(109,'Daniel','Faviet','DFAVIET','515.124.4169','1987-06-26','FI_ACCOUNT',9000.00,0.00,108,100),(110,'John','Chen','JCHEN','515.124.4269','1987-06-27','FI_ACCOUNT',8200.00,0.00,108,100),(111,'Ismael','Sciarra','ISCIARRA','515.124.4369','1987-06-28','FI_ACCOUNT',7700.00,0.00,108,100),(112,'Jose Manuel','Urman','JMURMAN','515.124.4469','1987-06-29','FI_ACCOUNT',7800.00,0.00,108,100),(113,'Luis','Popp','LPOPP','515.124.4567','1987-06-30','FI_ACCOUNT',6900.00,0.00,108,100),(114,'Den','Raphaely','DRAPHEAL','515.127.4561','1987-07-01','PU_MAN',11000.00,0.00,100,30),(115,'Alexander','Khoo','AKHOO','515.127.4562','1987-07-02','PU_CLERK',3100.00,0.00,114,30),(116,'Shelli','Baida','SBAIDA','515.127.4563','1987-07-03','PU_CLERK',2900.00,0.00,114,30),(117,'Sigal','Tobias','STOBIAS','515.127.4564','1987-07-04','PU_CLERK',2800.00,0.00,114,30),(118,'Guy','Himuro','GHIMURO','515.127.4565','1987-07-05','PU_CLERK',2600.00,0.00,114,30),(119,'Karen','Colmenares','KCOLMENA','515.127.4566','1987-07-06','PU_CLERK',2500.00,0.00,114,30),(120,'Matthew','Weiss','MWEISS','650.123.1234','1987-07-07','ST_MAN',8000.00,0.00,100,50),(121,'Adam','Fripp','AFRIPP','650.123.2234','1987-07-08','ST_MAN',8200.00,0.00,100,50),(122,'Payam','Kaufling','PKAUFLIN','650.123.3234','1987-07-09','ST_MAN',7900.00,0.00,100,50),(123,'Shanta','Vollman','SVOLLMAN','650.123.4234','1987-07-10','ST_MAN',6500.00,0.00,100,50),(124,'Kevin','Mourgos','KMOURGOS','650.123.5234','1987-07-11','ST_MAN',5800.00,0.00,100,50),(125,'Julia','Nayer','JNAYER','650.124.1214','1987-07-12','ST_CLERK',3200.00,0.00,120,50),(126,'Irene','Mikkilineni','IMIKKILI','650.124.1224','1987-07-13','ST_CLERK',2700.00,0.00,120,50),(127,'James','Landry','JLANDRY','650.124.1334','1987-07-14','ST_CLERK',2400.00,0.00,120,50),(128,'Steven','Markle','SMARKLE','650.124.1434','1987-07-15','ST_CLERK',2200.00,0.00,120,50),(129,'Laura','Bissot','LBISSOT','650.124.5234','1987-07-16','ST_CLERK',3300.00,0.00,121,50),(130,'Mozhe','Atkinson','MATKINSO','650.124.6234','1987-07-17','ST_CLERK',2800.00,0.00,121,50),(131,'James','Marlow','JAMRLOW','650.124.7234','1987-07-18','ST_CLERK',2500.00,0.00,121,50),(132,'TJ','Olson','TJOLSON','650.124.8234','1987-07-19','ST_CLERK',2100.00,0.00,121,50),(133,'Jason','Mallin','JMALLIN','650.127.1934','1987-07-20','ST_CLERK',3300.00,0.00,122,50),(134,'Michael','Rogers','MROGERS','650.127.1834','1987-07-21','ST_CLERK',2900.00,0.00,122,50),(135,'Ki','Gee','KGEE','650.127.1734','1987-07-22','ST_CLERK',2400.00,0.00,122,50),(136,'Hazel','Philtanker','HPHILTAN','650.127.1634','1987-07-23','ST_CLERK',2200.00,0.00,122,50),(137,'Renske','Ladwig','RLADWIG','650.121.1234','1987-07-24','ST_CLERK',3600.00,0.00,123,50),(138,'Stephen','Stiles','SSTILES','650.121.2034','1987-07-25','ST_CLERK',3200.00,0.00,123,50),(139,'John','Seo','JSEO','650.121.2019','1987-07-26','ST_CLERK',2700.00,0.00,123,50),(140,'Joshua','Patel','JPATEL','650.121.1834','1987-07-27','ST_CLERK',2500.00,0.00,123,50),(141,'Trenna','Rajs','TRAJS','650.121.8009','1987-07-28','ST_CLERK',3500.00,0.00,124,50),(142,'Curtis','Davies','CDAVIES','650.121.2994','1987-07-29','ST_CLERK',3100.00,0.00,124,50),(143,'Randall','Matos','RMATOS','650.121.2874','1987-07-30','ST_CLERK',2600.00,0.00,124,50),(144,'Peter','Vargas','PVARGAS','650.121.2004','1987-07-31','ST_CLERK',2500.00,0.00,124,50),(145,'John','Russell','JRUSSEL','011.44.1344.429268','1987-08-01','SA_MAN',14000.00,0.40,100,80),(146,'Karen','Partners','KPARTNER','011.44.1344.467268','1987-08-02','SA_MAN',13500.00,0.30,100,80),(147,'Alberto','Errazuriz','AERRAZUR','011.44.1344.429278','1987-08-03','SA_MAN',12000.00,0.30,100,80),(148,'Gerald','Cambrault','GCAMBRAU','011.44.1344.619268','1987-08-04','SA_MAN',11000.00,0.30,100,80),(149,'Eleni','Zlotkey','EZLOTKEY','011.44.1344.429018','1987-08-05','SA_MAN',10500.00,0.20,100,80),(150,'Peter','Tucker','PTUCKER','011.44.1344.129268','1987-08-06','SA_REP',10000.00,0.30,145,80),(151,'David','Bernstein','DBERNSTE','011.44.1344.345268','1987-08-07','SA_REP',9500.00,0.25,145,80),(152,'Peter','Hall','PHALL','011.44.1344.478968','1987-08-08','SA_REP',9000.00,0.25,145,80),(153,'Christopher','Olsen','COLSEN','011.44.1344.498718','1987-08-09','SA_REP',8000.00,0.20,145,80),(154,'Nanette','Cambrault','NCAMBRAU','011.44.1344.987668','1987-08-10','SA_REP',7500.00,0.20,145,80),(155,'Oliver','Tuvault','OTUVAULT','011.44.1344.486508','1987-08-11','SA_REP',7000.00,0.15,145,80),(156,'Janette','King','JKING','011.44.1345.429268','1987-08-12','SA_REP',10000.00,0.35,146,80),(157,'Patrick','Sully','PSULLY','011.44.1345.929268','1987-08-13','SA_REP',9500.00,0.35,146,80),(158,'Allan','McEwen','AMCEWEN','011.44.1345.829268','1987-08-14','SA_REP',9000.00,0.35,146,80),(159,'Lindsey','Smith','LSMITH','011.44.1345.729268','1987-08-15','SA_REP',8000.00,0.30,146,80),(160,'Louise','Doran','LDORAN','011.44.1345.629268','1987-08-16','SA_REP',7500.00,0.30,146,80),(161,'Sarath','Sewall','SSEWALL','011.44.1345.529268','1987-08-17','SA_REP',7000.00,0.25,146,80),(162,'Clara','Vishney','CVISHNEY','011.44.1346.129268','1987-08-18','SA_REP',10500.00,0.25,147,80),(163,'Danielle','Greene','DGREENE','011.44.1346.229268','1987-08-19','SA_REP',9500.00,0.15,147,80),(164,'Mattea','Marvins','MMARVINS','011.44.1346.329268','1987-08-20','SA_REP',7200.00,0.10,147,80),(165,'David','Lee','DLEE','011.44.1346.529268','1987-08-21','SA_REP',6800.00,0.10,147,80),(166,'Sundar','Ande','SANDE','011.44.1346.629268','1987-08-22','SA_REP',6400.00,0.10,147,80),(167,'Amit','Banda','ABANDA','011.44.1346.729268','1987-08-23','SA_REP',6200.00,0.10,147,80),(168,'Lisa','Ozer','LOZER','011.44.1343.929268','1987-08-24','SA_REP',11500.00,0.25,148,80),(169,'Harrison','Bloom','HBLOOM','011.44.1343.829268','1987-08-25','SA_REP',10000.00,0.20,148,80),(170,'Tayler','Fox','TFOX','011.44.1343.729268','1987-08-26','SA_REP',9600.00,0.20,148,80),(171,'William','Smith','WSMITH','011.44.1343.629268','1987-08-27','SA_REP',7400.00,0.15,148,80),(172,'Elizabeth','Bates','EBATES','011.44.1343.529268','1987-08-28','SA_REP',7300.00,0.15,148,80),(173,'Sundita','Kumar','SKUMAR','011.44.1343.329268','1987-08-29','SA_REP',6100.00,0.10,148,80),(174,'Ellen','Abel','EABEL','011.44.1644.429267','1987-08-30','SA_REP',11000.00,0.30,149,80),(175,'Alyssa','Hutton','AHUTTON','011.44.1644.429266','1987-08-31','SA_REP',8800.00,0.25,149,80),(176,'Jonathon','Taylor','JTAYLOR','011.44.1644.429265','1987-09-01','SA_REP',8600.00,0.20,149,80),(177,'Jack','Livingston','JLIVINGS','011.44.1644.429264','1987-09-02','SA_REP',8400.00,0.20,149,80),(178,'Kimberely','Grant','KGRANT','011.44.1644.429263','1987-09-03','SA_REP',7000.00,0.15,149,0),(179,'Charles','Johnson','CJOHNSON','011.44.1644.429262','1987-09-04','SA_REP',6200.00,0.10,149,80),(180,'Winston','Taylor','WTAYLOR','650.507.9876','1987-09-05','SH_CLERK',3200.00,0.00,120,50),(181,'Jean','Fleaur','JFLEAUR','650.507.9877','1987-09-06','SH_CLERK',3100.00,0.00,120,50),(182,'Martha','Sullivan','MSULLIVA','650.507.9878','1987-09-07','SH_CLERK',2500.00,0.00,120,50),(183,'Girard','Geoni','GGEONI','650.507.9879','1987-09-08','SH_CLERK',2800.00,0.00,120,50),(184,'Nandita','Sarchand','NSARCHAN','650.509.1876','1987-09-09','SH_CLERK',4200.00,0.00,121,50),(185,'Alexis','Bull','ABULL','650.509.2876','1987-09-10','SH_CLERK',4100.00,0.00,121,50),(186,'Julia','Dellinger','JDELLING','650.509.3876','1987-09-11','SH_CLERK',3400.00,0.00,121,50),(187,'Anthony','Cabrio','ACABRIO','650.509.4876','1987-09-12','SH_CLERK',3000.00,0.00,121,50),(188,'Kelly','Chung','KCHUNG','650.505.1876','1987-09-13','SH_CLERK',3800.00,0.00,122,50),(189,'Jennifer','Dilly','JDILLY','650.505.2876','1987-09-14','SH_CLERK',3600.00,0.00,122,50),(190,'Timothy','Gates','TGATES','650.505.3876','1987-09-15','SH_CLERK',2900.00,0.00,122,50),(191,'Randall','Perkins','RPERKINS','650.505.4876','1987-09-16','SH_CLERK',2500.00,0.00,122,50),(192,'Sarah','Bell','SBELL','650.501.1876','1987-09-17','SH_CLERK',4000.00,0.00,123,50),(193,'Britney','Everett','BEVERETT','650.501.2876','1987-09-18','SH_CLERK',3900.00,0.00,123,50),(194,'Samuel','McCain','SMCCAIN','650.501.3876','1987-09-19','SH_CLERK',3200.00,0.00,123,50),(195,'Vance','Jones','VJONES','650.501.4876','1987-09-20','SH_CLERK',2800.00,0.00,123,50),(196,'Alana','Walsh','AWALSH','650.507.9811','1987-09-21','SH_CLERK',3100.00,0.00,124,50),(197,'Kevin','Feeney','KFEENEY','650.507.9822','1987-09-22','SH_CLERK',3000.00,0.00,124,50),(198,'Donald','OConnell','DOCONNEL','650.507.9833','1987-09-23','SH_CLERK',2600.00,0.00,124,50),(199,'Douglas','Grant','DGRANT','650.507.9844','1987-09-24','SH_CLERK',2600.00,0.00,124,50),(200,'Jennifer','Whalen','JWHALEN','515.123.4444','1987-09-25','AD_ASST',4400.00,0.00,101,10),(201,'Michael','Hartstein','MHARTSTE','515.123.5555','1987-09-26','MK_MAN',13000.00,0.00,100,20),(202,'Pat','Fay','PFAY','603.123.6666','1987-09-27','MK_REP',6000.00,0.00,201,20),(203,'Susan','Mavris','SMAVRIS','515.123.7777','1987-09-28','HR_REP',6500.00,0.00,101,40),(204,'Hermann','Baer','HBAER','515.123.8888','1987-09-29','PR_REP',10000.00,0.00,101,70),(205,'Shelley','Higgins','SHIGGINS','515.123.8080','1987-09-30','AC_MGR',12000.00,0.00,101,110),(206,'William','Gietz','WGIETZ','515.123.8181','1987-10-01','AC_ACCOUNT',8300.00,0.00,205,110);
/*!40000 ALTER TABLE `employees` ENABLE KEYS */;
UNLOCK TABLES;

--
-- Table structure for table `job_history`
--

DROP TABLE IF EXISTS `job_history`;
/*!40101 SET @saved_cs_client     = @@character_set_client */;
/*!40101 SET character_set_client = utf8 */;
CREATE TABLE `job_history` (
  `EMPLOYEE_ID` decimal(6,0) NOT NULL,
  `START_DATE` date NOT NULL,
  `END_DATE` date NOT NULL,
  `JOB_ID` varchar(10) NOT NULL,
  `DEPARTMENT_ID` decimal(4,0) DEFAULT NULL,
  PRIMARY KEY (`EMPLOYEE_ID`,`START_DATE`),
  KEY `JHIST_DEPARTMENT_IX` (`DEPARTMENT_ID`),
  KEY `JHIST_EMPLOYEE_IX` (`EMPLOYEE_ID`),
  KEY `JHIST_JOB_IX` (`JOB_ID`)
) ENGINE=MyISAM DEFAULT CHARSET=latin1;
/*!40101 SET character_set_client = @saved_cs_client */;

--
-- Dumping data for table `job_history`
--

LOCK TABLES `job_history` WRITE;
/*!40000 ALTER TABLE `job_history` DISABLE KEYS */;
INSERT INTO `job_history` VALUES (102,'1993-01-13','1998-07-24','IT_PROG',60),(101,'1989-09-21','1993-10-27','AC_ACCOUNT',110),(101,'1993-10-28','1997-03-15','AC_MGR',110),(201,'1996-02-17','1999-12-19','MK_REP',20),(114,'1998-03-24','1999-12-31','ST_CLERK',50),(122,'1999-01-01','1999-12-31','ST_CLERK',50),(200,'1987-09-17','1993-06-17','AD_ASST',90),(176,'1998-03-24','1998-12-31','SA_REP',80),(176,'1999-01-01','1999-12-31','SA_MAN',80),(200,'1994-07-01','1998-12-31','AC_ACCOUNT',90),(0,'0000-00-00','0000-00-00','',0);
/*!40000 ALTER TABLE `job_history` ENABLE KEYS */;
UNLOCK TABLES;

--
-- Table structure for table `jobs`
--

DROP TABLE IF EXISTS `jobs`;
/*!40101 SET @saved_cs_client     = @@character_set_client */;
/*!40101 SET character_set_client = utf8 */;
CREATE TABLE `jobs` (
  `JOB_ID` varchar(10) NOT NULL DEFAULT '',
  `JOB_TITLE` varchar(35) NOT NULL,
  `MIN_SALARY` decimal(6,0) DEFAULT NULL,
  `MAX_SALARY` decimal(6,0) DEFAULT NULL,
  PRIMARY KEY (`JOB_ID`)
) ENGINE=MyISAM DEFAULT CHARSET=latin1;
/*!40101 SET character_set_client = @saved_cs_client */;

--
-- Dumping data for table `jobs`
--

LOCK TABLES `jobs` WRITE;
/*!40000 ALTER TABLE `jobs` DISABLE KEYS */;
INSERT INTO `jobs` VALUES ('AD_PRES','President',20000,40000),('AD_VP','Administration Vice President',15000,30000),('AD_ASST','Administration Assistant',3000,6000),('FI_MGR','Finance Manager',8200,16000),('FI_ACCOUNT','Accountant',4200,9000),('AC_MGR','Accounting Manager',8200,16000),('AC_ACCOUNT','Public Accountant',4200,9000),('SA_MAN','Sales Manager',10000,20000),('SA_REP','Sales Representative',6000,12000),('PU_MAN','Purchasing Manager',8000,15000),('PU_CLERK','Purchasing Clerk',2500,5500),('ST_MAN','Stock Manager',5500,8500),('ST_CLERK','Stock Clerk',2000,5000),('SH_CLERK','Shipping Clerk',2500,5500),('IT_PROG','Programmer',4000,10000),('MK_MAN','Marketing Manager',9000,15000),('MK_REP','Marketing Representative',4000,9000),('HR_REP','Human Resources Representative',4000,9000),('PR_REP','Public Relations Representative',4500,10500);
/*!40000 ALTER TABLE `jobs` ENABLE KEYS */;
UNLOCK TABLES;

--
-- Table structure for table `locations`
--

DROP TABLE IF EXISTS `locations`;
/*!40101 SET @saved_cs_client     = @@character_set_client */;
/*!40101 SET character_set_client = utf8 */;
CREATE TABLE `locations` (
  `LOCATION_ID` decimal(4,0) NOT NULL DEFAULT '0',
  `STREET_ADDRESS` varchar(40) DEFAULT NULL,
  `POSTAL_CODE` varchar(12) DEFAULT NULL,
  `CITY` varchar(30) NOT NULL,
  `STATE_PROVINCE` varchar(25) DEFAULT NULL,
  `COUNTRY_ID` varchar(2) DEFAULT NULL,
  PRIMARY KEY (`LOCATION_ID`),
  KEY `LOC_CITY_IX` (`CITY`),
  KEY `LOC_COUNTRY_IX` (`COUNTRY_ID`),
  KEY `LOC_STATE_PROVINCE_IX` (`STATE_PROVINCE`)
) ENGINE=MyISAM DEFAULT CHARSET=latin1;
/*!40101 SET character_set_client = @saved_cs_client */;

--
-- Dumping data for table `locations`
--

LOCK TABLES `locations` WRITE;
/*!40000 ALTER TABLE `locations` DISABLE KEYS */;
INSERT INTO `locations` VALUES (1000,'1297 Via Cola di Rie','989','Roma','','IT'),(1100,'93091 Calle della Testa','10934','Venice','','IT'),(1200,'2017 Shinjuku-ku','1689','Tokyo','Tokyo Prefecture','JP'),(1300,'9450 Kamiya-cho','6823','Hiroshima','','JP'),(1400,'2014 Jabberwocky Rd','26192','Southlake','Texas','US'),(1500,'2011 Interiors Blvd','99236','South San Francisco','California','US'),(1600,'2007 Zagora St','50090','South Brunswick','New Jersey','US'),(1700,'2004 Charade Rd','98199','Seattle','Washington','US'),(1800,'147 Spadina Ave','M5V 2L7','Toronto','Ontario','CA'),(1900,'6092 Boxwood St','YSW 9T2','Whitehorse','Yukon','CA'),(2000,'40-5-12 Laogianggen','190518','Beijing','','CN'),(2100,'1298 Vileparle (E)','490231','Bombay','Maharashtra','IN'),(2200,'12-98 Victoria Street','2901','Sydney','New South Wales','AU'),(2300,'198 Clementi North','540198','Singapore','','SG'),(2400,'8204 Arthur St','','London','','UK'),(2500,'\"Magdalen Centre',' The Oxford ','OX9 9ZB','Oxford','Ox'),(2600,'9702 Chester Road','9629850293','Stretford','Manchester','UK'),(2700,'Schwanthalerstr. 7031','80925','Munich','Bavaria','DE'),(2800,'Rua Frei Caneca 1360','01307-002','Sao Paulo','Sao Paulo','BR'),(2900,'20 Rue des Corps-Saints','1730','Geneva','Geneve','CH'),(3000,'Murtenstrasse 921','3095','Bern','BE','CH'),(3100,'Pieter Breughelstraat 837','3029SK','Utrecht','Utrecht','NL'),(3200,'Mariano Escobedo 9991','11932','Mexico City','\"Distrito Federal','\"');
/*!40000 ALTER TABLE `locations` ENABLE KEYS */;
UNLOCK TABLES;

--
-- Table structure for table `number`
--

DROP TABLE IF EXISTS `number`;
/*!40101 SET @saved_cs_client     = @@character_set_client */;
/*!40101 SET character_set_client = utf8 */;
CREATE TABLE `number` (
  `NUM` float(10,2) DEFAULT NULL
) ENGINE=InnoDB DEFAULT CHARSET=latin1;
/*!40101 SET character_set_client = @saved_cs_client */;

--
-- Dumping data for table `number`
--

LOCK TABLES `number` WRITE;
/*!40000 ALTER TABLE `number` DISABLE KEYS */;
INSERT INTO `number` VALUES (0.41),(0.43),(0.91),(0.28),(0.67);
/*!40000 ALTER TABLE `number` ENABLE KEYS */;
UNLOCK TABLES;

--
-- Table structure for table `pet`
--

DROP TABLE IF EXISTS `pet`;
/*!40101 SET @saved_cs_client     = @@character_set_client */;
/*!40101 SET character_set_client = utf8 */;
CREATE TABLE `pet` (
  `name` varchar(20) DEFAULT NULL,
  `owner` varchar(20) DEFAULT NULL,
  `species` varchar(20) DEFAULT NULL,
  `sex` char(1) DEFAULT NULL,
  `birth` date DEFAULT NULL,
  `death` date DEFAULT NULL
) ENGINE=InnoDB DEFAULT CHARSET=latin1;
/*!40101 SET character_set_client = @saved_cs_client */;

--
-- Dumping data for table `pet`
--

LOCK TABLES `pet` WRITE;
/*!40000 ALTER TABLE `pet` DISABLE KEYS */;
/*!40000 ALTER TABLE `pet` ENABLE KEYS */;
UNLOCK TABLES;

--
-- Table structure for table `regions`
--

DROP TABLE IF EXISTS `regions`;
/*!40101 SET @saved_cs_client     = @@character_set_client */;
/*!40101 SET character_set_client = utf8 */;
CREATE TABLE `regions` (
  `REGION_ID` decimal(5,0) NOT NULL,
  `REGION_NAME` varchar(25) DEFAULT NULL,
  PRIMARY KEY (`REGION_ID`),
  UNIQUE KEY `sss` (`REGION_NAME`)
) ENGINE=MyISAM DEFAULT CHARSET=latin1;
/*!40101 SET character_set_client = @saved_cs_client */;

--
-- Dumping data for table `regions`
--

LOCK TABLES `regions` WRITE;
/*!40000 ALTER TABLE `regions` DISABLE KEYS */;
INSERT INTO `regions` VALUES (1,'Europe\r'),(2,'Americas\r'),(3,'Asia\r'),(4,'Middle East and Africa\r');
/*!40000 ALTER TABLE `regions` ENABLE KEYS */;
UNLOCK TABLES;
/*!40103 SET TIME_ZONE=@OLD_TIME_ZONE */;

/*!40101 SET SQL_MODE=@OLD_SQL_MODE */;
/*!40014 SET FOREIGN_KEY_CHECKS=@OLD_FOREIGN_KEY_CHECKS */;
/*!40014 SET UNIQUE_CHECKS=@OLD_UNIQUE_CHECKS */;
/*!40101 SET CHARACTER_SET_CLIENT=@OLD_CHARACTER_SET_CLIENT */;
/*!40101 SET CHARACTER_SET_RESULTS=@OLD_CHARACTER_SET_RESULTS */;
/*!40101 SET COLLATION_CONNECTION=@OLD_COLLATION_CONNECTION */;
/*!40111 SET SQL_NOTES=@OLD_SQL_NOTES */;

-- Dump completed on 2018-01-23 12:06:31
